customer_id,data_cobranca,tenure_months,day_of_month,day_of_week,hour_of_day,invoice_amount,avg_ticket,ciclo,gateway_error_code,metodo_pagamento,payment_history_score,failure_count_90d,attempt_count,ltv_estimated,recovered
CLI_000002,2026-06-28,2,28,6,8,4285.61,4002.1,mensal,insufficient_funds,boleto,0.642,0,1,4285.61,0
CLI_000002,2026-07-11,2,11,5,21,4285.61,4002.1,mensal,limit_exceeded,boleto,0.642,1,2,4285.61,1
CLI_000002,2026-09-10,2,10,3,16,3435.07,4002.1,proporcional,generic_decline,boleto,0.642,2,1,3435.07,0
CLI_000005,2026-07-13,8,13,0,0,128.22,266.33,proporcional,insufficient_funds,pix_automatico,0.557,0,1,153.29,0
CLI_000005,2026-08-04,8,4,1,19,404.44,266.33,mensal,insufficient_funds,pix_automatico,0.557,1,1,404.44,0
CLI_000008,2026-04-01,0,1,2,15,1773.44,1697.38,mensal,processing_error,pix_automatico,0.542,0,1,1773.44,1
CLI_000008,2026-05-10,0,10,6,20,1545.26,1697.38,proporcional,insufficient_funds,pix_automatico,0.542,1,1,1545.26,0
CLI_000008,2026-06-05,0,5,4,23,1773.44,1697.38,mensal,insufficient_funds,pix_automatico,0.542,2,1,1773.44,1
CLI_000009,2026-06-16,0,16,1,20,677.9,677.9,mensal,insufficient_funds,pix_automatico,0.53,0,1,677.9,1
CLI_000009,2026-06-18,0,18,3,14,677.9,677.9,mensal,processing_error,pix_automatico,0.53,1,2,677.9,0
CLI_000009,2026-09-11,0,11,4,21,677.9,677.9,mensal,processing_error,pix_automatico,0.53,2,1,677.9,0
CLI_000014,2026-04-07,7,7,1,22,2667.01,2881.15,proporcional,insufficient_funds,pix_automatico,0.588,0,1,2667.01,1
CLI_000014,2026-07-17,7,17,4,8,3095.29,2881.15,mensal,insufficient_funds,pix_automatico,0.588,0,1,3095.29,1
CLI_000016,2026-06-24,61,24,2,18,2762.98,7464.6,mensal,generic_decline,pix_automatico,0.685,0,1,36047.8,1
CLI_000016,2026-07-13,61,13,0,0,27629.8,7464.6,anual,processing_error,pix_automatico,0.685,1,1,36047.8,1
CLI_000016,2026-07-16,61,16,3,15,2762.98,7464.6,mensal,processing_error,pix_automatico,0.685,2,2,36047.8,1
CLI_000016,2026-07-17,61,17,4,17,2762.98,7464.6,mensal,insufficient_funds,pix_automatico,0.685,3,3,36047.8,0
CLI_000016,2026-07-19,61,19,6,10,1404.28,7464.6,proporcional,insufficient_funds,pix_automatico,0.685,4,4,36047.8,1
CLI_000020,2026-04-22,0,22,2,10,1461.78,1461.78,mensal,insufficient_funds,pix_automatico,0.592,0,1,1461.78,0
CLI_000020,2026-06-04,0,4,3,15,1461.78,1461.78,mensal,limit_exceeded,pix_automatico,0.592,1,1,1461.78,1
CLI_000029,2026-05-19,2,19,1,11,2967.41,2967.41,mensal,insufficient_funds,pix_automatico,0.505,0,1,2967.41,0
CLI_000029,2026-05-20,2,20,2,9,2967.41,2967.41,mensal,authorization_revoked,pix_automatico,0.505,1,2,2967.41,0
CLI_000029,2026-06-02,2,2,1,15,2967.41,2967.41,mensal,insufficient_funds,pix_automatico,0.505,2,2,2967.41,1
CLI_000029,2026-07-05,2,5,6,0,2967.41,2967.41,mensal,insufficient_funds,pix_automatico,0.505,3,1,2967.41,1
CLI_000029,2026-07-18,2,18,5,16,2967.41,2967.41,mensal,authorization_revoked,pix_automatico,0.505,4,2,2967.41,0
CLI_000029,2026-07-23,2,23,3,14,2967.41,2967.41,mensal,authorization_revoked,pix_automatico,0.505,5,2,2967.41,0
CLI_000043,2026-06-25,42,25,3,20,2361.34,1722.43,mensal,insufficient_funds,pix_automatico,0.665,0,1,5546.22,0
CLI_000043,2026-06-28,42,28,6,14,1083.51,1722.43,proporcional,insufficient_funds,pix_automatico,0.665,1,2,5546.22,0
CLI_000044,2026-05-21,0,21,3,19,2067.69,2067.69,mensal,insufficient_funds,pix_automatico,0.385,0,1,2067.69,0
CLI_000044,2026-06-09,0,9,1,15,2067.69,2067.69,mensal,insufficient_funds,pix_automatico,0.385,1,1,2067.69,0
CLI_000044,2026-09-08,0,8,1,11,2067.69,2067.69,mensal,processing_error,pix_automatico,0.385,0,1,2067.69,0
CLI_000045,2026-05-27,0,27,2,17,2325.04,1459.53,mensal,insufficient_funds,pix_automatico,0.455,0,1,2325.04,0
CLI_000045,2026-09-14,0,14,0,0,594.02,1459.53,proporcional,insufficient_funds,pix_automatico,0.455,0,1,594.02,1
CLI_000047,2026-04-04,1,4,5,14,2092.88,2276.87,proporcional,limit_exceeded,pix_automatico,0.423,0,1,2092.88,0
CLI_000047,2026-04-30,1,30,3,20,2338.2,2276.87,mensal,authorization_revoked,pix_automatico,0.423,1,1,2338.2,0
CLI_000047,2026-07-30,1,30,3,20,2338.2,2276.87,mensal,insufficient_funds,pix_automatico,0.423,0,1,2338.2,1
CLI_000047,2026-08-04,1,4,1,17,2338.2,2276.87,mensal,insufficient_funds,pix_automatico,0.423,1,2,2338.2,1
CLI_000052,2026-04-04,64,4,5,12,338.41,683.56,mensal,processing_error,pix_automatico,0.633,0,1,3463.37,0
CLI_000052,2026-04-05,64,5,6,16,338.41,683.56,mensal,processing_error,pix_automatico,0.633,1,2,3463.37,1
CLI_000052,2026-04-24,64,24,4,19,338.41,683.56,mensal,insufficient_funds,pix_automatico,0.633,2,1,3463.37,1
CLI_000052,2026-07-26,64,26,6,21,53.92,683.56,proporcional,insufficient_funds,pix_automatico,0.633,0,1,3463.37,1
CLI_000052,2026-07-26,64,26,6,9,338.41,683.56,mensal,authorization_revoked,pix_automatico,0.633,1,2,3463.37,1
CLI_000052,2026-09-03,64,3,3,16,3384.1,683.56,anual,processing_error,pix_automatico,0.633,2,1,3463.37,0
CLI_000052,2026-09-14,64,14,0,14,338.41,683.56,mensal,authorization_revoked,pix_automatico,0.633,3,2,3463.37,1
CLI_000052,2026-09-14,64,14,0,17,338.41,683.56,mensal,insufficient_funds,pix_automatico,0.633,4,3,3463.37,1
CLI_000054,2026-05-24,0,24,6,8,957.13,1033.55,proporcional,insufficient_funds,boleto,0.382,0,1,957.13,0
CLI_000054,2026-07-06,0,6,0,15,1052.66,1033.55,mensal,insufficient_funds,boleto,0.382,1,1,1052.66,0
CLI_000054,2026-07-09,0,9,3,13,1052.66,1033.55,mensal,limit_exceeded,boleto,0.382,2,2,1052.66,0
CLI_000054,2026-07-18,0,18,5,10,1052.66,1033.55,mensal,insufficient_funds,boleto,0.382,3,3,1052.66,0
CLI_000054,2026-07-24,0,24,4,13,1052.66,1033.55,mensal,authorization_revoked,boleto,0.382,4,2,1052.66,0
CLI_000067,2026-04-10,2,10,4,23,1062.41,2974.75,mensal,insufficient_funds,boleto,0.514,0,1,1062.41,1
CLI_000067,2026-04-26,2,26,6,16,10624.1,2974.75,anual,insufficient_funds,boleto,0.514,1,1,10624.1,0
CLI_000067,2026-05-07,2,7,3,21,1062.41,2974.75,mensal,processing_error,boleto,0.514,2,2,1062.41,1
CLI_000067,2026-07-06,2,6,0,15,1062.41,2974.75,mensal,generic_decline,boleto,0.514,3,1,1062.41,1
CLI_000067,2026-07-23,2,23,3,18,1062.41,2974.75,mensal,generic_decline,boleto,0.514,3,1,1062.41,0
CLI_000068,2026-05-03,28,3,6,15,4849.7,4489.38,mensal,processing_error,pix_automatico,0.666,0,1,9392.78,1
CLI_000068,2026-07-24,28,24,4,15,4849.7,4489.38,mensal,generic_decline,pix_automatico,0.666,1,1,9392.78,1
CLI_000068,2026-08-08,28,8,5,21,4849.7,4489.38,mensal,insufficient_funds,pix_automatico,0.666,1,1,9392.78,1
CLI_000068,2026-08-17,28,17,0,18,4849.7,4489.38,mensal,insufficient_funds,pix_automatico,0.666,2,2,9392.78,0
CLI_000068,2026-08-24,28,24,0,13,4849.7,4489.38,mensal,insufficient_funds,pix_automatico,0.666,3,2,9392.78,1
CLI_000068,2026-09-07,28,7,0,3,2687.75,4489.38,proporcional,authorization_revoked,pix_automatico,0.666,4,1,9392.78,0
CLI_000070,2026-04-17,2,17,4,13,416.95,357.0,mensal,limit_exceeded,boleto,0.662,0,1,416.95,0
CLI_000070,2026-06-02,2,2,1,19,416.95,357.0,mensal,processing_error,boleto,0.662,1,1,416.95,1
CLI_000070,2026-06-12,2,12,4,18,416.95,357.0,mensal,authorization_revoked,boleto,0.662,2,2,416.95,0
CLI_000070,2026-08-13,2,13,3,8,416.95,357.0,mensal,insufficient_funds,boleto,0.662,2,1,416.95,0
CLI_000070,2026-08-24,2,24,0,20,135.75,357.0,proporcional,authorization_revoked,boleto,0.662,3,2,135.75,0
CLI_000070,2026-09-04,2,4,4,12,323.29,357.0,proporcional,authorization_revoked,boleto,0.662,3,2,323.29,0
CLI_000070,2026-09-14,2,14,0,14,312.19,357.0,proporcional,limit_exceeded,boleto,0.662,3,2,312.19,0
CLI_000070,2026-09-14,2,14,0,8,416.95,357.0,mensal,generic_decline,boleto,0.662,4,3,416.95,0
CLI_000075,2026-04-01,7,1,2,13,4000.03,3881.11,mensal,limit_exceeded,pix_automatico,0.66,0,1,4000.03,0
CLI_000075,2026-05-10,7,10,6,8,4000.03,3881.11,mensal,generic_decline,pix_automatico,0.66,1,1,4000.03,0
CLI_000075,2026-08-04,7,4,1,14,4000.03,3881.11,mensal,insufficient_funds,pix_automatico,0.66,1,1,4000.03,1
CLI_000075,2026-09-06,7,6,6,19,3524.34,3881.11,proporcional,generic_decline,pix_automatico,0.66,1,1,3524.34,0
CLI_000076,2026-04-15,5,15,2,12,1106.17,1106.17,mensal,limit_exceeded,pix_automatico,0.511,0,1,1106.17,0
CLI_000077,2026-05-17,2,17,6,22,2169.65,2169.65,mensal,insufficient_funds,pix_automatico,0.399,0,1,2169.65,0
CLI_000077,2026-05-28,2,28,3,10,2169.65,2169.65,mensal,insufficient_funds,pix_automatico,0.399,1,2,2169.65,0
CLI_000077,2026-09-05,2,5,5,9,2169.65,2169.65,mensal,generic_decline,pix_automatico,0.399,0,1,2169.65,1
CLI_000077,2026-09-07,2,7,0,21,2169.65,2169.65,mensal,processing_error,pix_automatico,0.399,1,2,2169.65,1
CLI_000080,2026-05-08,3,8,4,9,3057.31,2818.8,mensal,limit_exceeded,pix_automatico,0.547,0,1,3057.31,1
CLI_000080,2026-05-27,3,27,2,18,3057.31,2818.8,mensal,insufficient_funds,pix_automatico,0.547,1,1,3057.31,0
CLI_000080,2026-06-20,3,20,5,9,1626.27,2818.8,proporcional,insufficient_funds,pix_automatico,0.547,2,1,1626.27,0
CLI_000080,2026-07-17,3,17,4,15,3057.31,2818.8,mensal,insufficient_funds,pix_automatico,0.547,3,1,3057.31,1
CLI_000080,2026-08-15,3,15,5,10,3057.31,2818.8,mensal,limit_exceeded,pix_automatico,0.547,3,1,3057.31,0
CLI_000080,2026-09-14,3,14,0,11,3057.31,2818.8,mensal,insufficient_funds,pix_automatico,0.547,3,1,3057.31,0
CLI_000084,2026-04-08,20,8,2,19,457.05,457.05,mensal,insufficient_funds,pix_automatico,0.473,0,1,672.88,1
CLI_000084,2026-04-16,20,16,3,10,457.05,457.05,mensal,generic_decline,pix_automatico,0.473,1,2,672.88,1
CLI_000084,2026-05-17,20,17,6,16,457.05,457.05,mensal,insufficient_funds,pix_automatico,0.473,2,1,672.88,1
CLI_000084,2026-05-22,20,22,4,6,457.05,457.05,mensal,insufficient_funds,pix_automatico,0.473,3,2,672.88,0
CLI_000084,2026-07-05,20,5,6,10,457.05,457.05,mensal,authorization_revoked,pix_automatico,0.473,4,1,672.88,1
CLI_000084,2026-07-29,20,29,2,4,457.05,457.05,mensal,authorization_revoked,pix_automatico,0.473,3,1,672.88,1
CLI_000084,2026-08-12,20,12,2,23,457.05,457.05,mensal,processing_error,pix_automatico,0.473,4,1,672.88,0
CLI_000090,2026-04-02,3,2,3,13,3886.22,3641.7,mensal,insufficient_funds,pix_automatico,0.433,0,1,3886.22,0
CLI_000090,2026-06-04,3,4,3,13,3886.22,3641.7,mensal,limit_exceeded,pix_automatico,0.433,1,1,3886.22,0
CLI_000090,2026-07-13,3,13,0,11,3037.08,3641.7,proporcional,limit_exceeded,pix_automatico,0.433,1,1,3037.08,0
CLI_000090,2026-08-12,3,12,2,9,3886.22,3641.7,mensal,limit_exceeded,pix_automatico,0.433,2,1,3886.22,0
CLI_000090,2026-08-14,3,14,4,13,3886.22,3641.7,mensal,insufficient_funds,pix_automatico,0.433,3,2,3886.22,0
CLI_000090,2026-08-14,3,14,4,15,3886.22,3641.7,mensal,processing_error,pix_automatico,0.433,4,3,3886.22,0
CLI_000090,2026-09-06,3,6,6,22,3023.73,3641.7,proporcional,authorization_revoked,pix_automatico,0.433,4,1,3023.73,0
CLI_000093,2026-04-30,31,30,3,20,1100.4,3436.87,proporcional,insufficient_funds,boleto,0.482,0,1,8005.52,1
CLI_000093,2026-06-19,31,19,4,16,1649.66,3436.87,mensal,limit_exceeded,boleto,0.482,1,1,8005.52,1
CLI_000093,2026-06-26,31,26,4,19,16496.6,3436.87,anual,authorization_revoked,boleto,0.482,2,2,16496.6,1
CLI_000093,2026-07-08,31,8,2,10,1649.66,3436.87,mensal,insufficient_funds,boleto,0.482,3,2,8005.52,0
CLI_000093,2026-08-05,31,5,2,16,1649.66,3436.87,mensal,insufficient_funds,boleto,0.482,3,1,8005.52,0
CLI_000093,2026-08-28,31,28,4,13,1649.66,3436.87,mensal,processing_error,boleto,0.482,4,1,8005.52,1
CLI_000093,2026-09-14,31,14,0,15,1649.66,3436.87,mensal,authorization_revoked,boleto,0.482,5,1,8005.52,0
CLI_000093,2026-09-14,31,14,0,8,1649.66,3436.87,mensal,authorization_revoked,boleto,0.482,6,2,8005.52,0
CLI_000096,2026-05-19,11,19,1,6,395.0,1106.0,mensal,processing_error,pix_automatico,0.597,0,1,880.35,1
CLI_000096,2026-07-09,11,9,3,5,395.0,1106.0,mensal,insufficient_funds,pix_automatico,0.597,1,1,880.35,0
CLI_000096,2026-07-19,11,19,6,11,3950.0,1106.0,anual,limit_exceeded,pix_automatico,0.597,2,2,3950.0,0
CLI_000096,2026-07-28,11,28,1,14,395.0,1106.0,mensal,insufficient_funds,pix_automatico,0.597,3,2,880.35,1
CLI_000096,2026-09-08,11,8,1,18,395.0,1106.0,mensal,processing_error,pix_automatico,0.597,3,1,880.35,1
CLI_000101,2026-06-24,69,24,2,8,7257.95,7391.43,proporcional,limit_exceeded,pix_automatico,0.656,0,1,40375.69,1
CLI_000101,2026-08-15,69,15,5,11,6860.82,7391.43,proporcional,processing_error,pix_automatico,0.656,1,1,40375.69,1
CLI_000101,2026-09-05,69,5,5,12,8055.52,7391.43,mensal,insufficient_funds,pix_automatico,0.656,2,1,40375.69,1
CLI_000105,2026-05-24,59,24,6,19,1427.6,6405.86,mensal,insufficient_funds,pix_automatico,0.761,0,1,29868.21,1
CLI_000105,2026-06-06,59,6,5,17,1427.6,6405.86,mensal,generic_decline,pix_automatico,0.761,1,2,29868.21,1
CLI_000105,2026-06-08,59,8,0,10,14276.0,6405.86,anual,limit_exceeded,pix_automatico,0.761,2,2,29868.21,1
CLI_000105,2026-07-20,59,20,0,13,14276.0,6405.86,anual,insufficient_funds,pix_automatico,0.761,3,1,29868.21,1
CLI_000105,2026-08-06,59,6,3,20,622.11,6405.86,proporcional,insufficient_funds,pix_automatico,0.761,4,1,29868.21,0
CLI_000107,2026-04-07,5,7,1,14,1224.28,1224.28,mensal,limit_exceeded,boleto,0.614,0,1,1224.28,0
CLI_000107,2026-08-28,5,28,4,16,1224.28,1224.28,mensal,insufficient_funds,boleto,0.614,0,1,1224.28,1
CLI_000108,2026-04-27,36,27,0,18,4752.16,4752.16,mensal,insufficient_funds,pix_automatico,0.613,0,1,12973.4,1
CLI_000108,2026-06-12,36,12,4,17,4752.16,4752.16,mensal,processing_error,pix_automatico,0.613,1,1,12973.4,1
CLI_000108,2026-08-10,36,10,0,17,4752.16,4752.16,mensal,generic_decline,pix_automatico,0.613,1,1,12973.4,0
CLI_000109,2026-04-01,42,1,2,22,248.04,620.1,mensal,authorization_revoked,pix_automatico,0.586,0,1,1996.72,1
CLI_000109,2026-04-24,42,24,4,16,248.04,620.1,mensal,processing_error,pix_automatico,0.586,1,1,1996.72,0
CLI_000109,2026-06-27,42,27,5,10,248.04,620.1,mensal,insufficient_funds,pix_automatico,0.586,2,1,1996.72,1
CLI_000109,2026-08-23,42,23,6,4,248.04,620.1,mensal,processing_error,pix_automatico,0.586,1,1,1996.72,0
CLI_000109,2026-08-24,42,24,0,20,2480.4,620.1,anual,limit_exceeded,pix_automatico,0.586,2,2,2480.4,1
CLI_000109,2026-09-07,42,7,0,13,248.04,620.1,mensal,processing_error,pix_automatico,0.586,3,1,1996.72,1
CLI_000113,2026-06-04,5,4,3,9,342.76,342.76,mensal,insufficient_funds,pix_automatico,0.671,0,1,342.76,1
CLI_000113,2026-06-24,5,24,2,13,342.76,342.76,mensal,limit_exceeded,pix_automatico,0.671,1,1,342.76,1
CLI_000113,2026-09-14,5,14,0,12,342.76,342.76,mensal,insufficient_funds,pix_automatico,0.671,1,1,342.76,0
CLI_000116,2026-04-08,2,8,2,17,2362.74,5400.55,mensal,insufficient_funds,pix_automatico,0.355,0,1,2362.74,0
CLI_000116,2026-05-27,2,27,2,11,2362.74,5400.55,mensal,processing_error,pix_automatico,0.355,1,1,2362.74,0
CLI_000116,2026-06-04,2,4,3,20,2362.74,5400.55,mensal,authorization_revoked,pix_automatico,0.355,2,2,2362.74,0
CLI_000116,2026-06-23,2,23,1,16,2362.74,5400.55,mensal,insufficient_funds,pix_automatico,0.355,3,1,2362.74,0
CLI_000116,2026-07-06,2,6,0,19,2362.74,5400.55,mensal,limit_exceeded,pix_automatico,0.355,4,2,2362.74,0
CLI_000116,2026-09-14,2,14,0,10,23627.4,5400.55,anual,authorization_revoked,pix_automatico,0.355,2,1,23627.4,0
CLI_000116,2026-09-14,2,14,0,13,2362.74,5400.55,mensal,authorization_revoked,pix_automatico,0.355,3,2,2362.74,1
CLI_000117,2026-04-14,0,14,1,23,1854.05,1854.05,mensal,authorization_revoked,boleto,0.376,0,1,1854.05,0
CLI_000117,2026-07-02,0,2,3,12,1854.05,1854.05,mensal,limit_exceeded,boleto,0.376,1,1,1854.05,0
CLI_000117,2026-07-15,0,15,2,11,1854.05,1854.05,mensal,limit_exceeded,boleto,0.376,1,2,1854.05,0
CLI_000117,2026-07-16,0,16,3,12,1854.05,1854.05,mensal,processing_error,boleto,0.376,2,2,1854.05,0
CLI_000122,2026-05-19,15,19,1,8,550.94,1884.14,proporcional,insufficient_funds,pix_automatico,0.481,0,1,2060.78,0
CLI_000122,2026-06-06,15,6,5,18,2328.54,1884.14,mensal,insufficient_funds,pix_automatico,0.481,1,1,2328.54,0
CLI_000122,2026-08-15,15,15,5,10,2328.54,1884.14,mensal,authorization_revoked,pix_automatico,0.481,2,1,2328.54,1
CLI_000122,2026-09-14,15,14,0,20,2328.54,1884.14,mensal,insufficient_funds,pix_automatico,0.481,1,1,2328.54,1
CLI_000130,2026-08-06,34,6,3,21,1154.84,1154.84,mensal,insufficient_funds,pix_automatico,0.537,0,1,2966.66,0
CLI_000130,2026-09-14,34,14,0,18,1154.84,1154.84,mensal,insufficient_funds,pix_automatico,0.537,1,1,2966.66,0
CLI_000135,2026-07-26,0,26,6,15,562.33,3092.82,mensal,insufficient_funds,pix_automatico,0.547,0,1,562.33,1
CLI_000135,2026-09-07,0,7,0,0,5623.3,3092.82,anual,insufficient_funds,pix_automatico,0.547,1,1,5623.3,0
CLI_000136,2026-05-15,18,15,4,14,2592.92,8426.99,mensal,authorization_revoked,pix_automatico,0.483,0,1,11123.63,0
CLI_000136,2026-08-24,18,24,0,8,25929.2,8426.99,anual,limit_exceeded,pix_automatico,0.483,0,1,25929.2,0
CLI_000136,2026-09-06,18,6,6,17,2592.92,8426.99,mensal,generic_decline,pix_automatico,0.483,1,2,11123.63,1
CLI_000136,2026-09-14,18,14,0,10,2592.92,8426.99,mensal,insufficient_funds,pix_automatico,0.483,2,2,11123.63,0
CLI_000137,2026-05-23,56,23,5,19,4740.25,4740.25,mensal,processing_error,boleto,0.776,0,1,20867.63,1
CLI_000137,2026-05-25,56,25,0,23,4740.25,4740.25,mensal,limit_exceeded,boleto,0.776,1,2,20867.63,0
CLI_000138,2026-04-09,46,9,3,23,15541.37,17359.9,proporcional,insufficient_funds,pix_automatico,0.743,0,1,61666.22,1
CLI_000138,2026-04-29,46,29,2,9,17966.07,17359.9,mensal,generic_decline,pix_automatico,0.743,1,1,61666.22,1
CLI_000138,2026-06-09,46,9,1,10,17966.07,17359.9,mensal,limit_exceeded,pix_automatico,0.743,2,1,61666.22,0
CLI_000138,2026-08-05,46,5,2,21,17966.07,17359.9,mensal,insufficient_funds,pix_automatico,0.743,1,1,61666.22,1
CLI_000141,2026-05-28,62,28,3,15,579.42,399.32,mensal,insufficient_funds,pix_automatico,0.729,0,1,1960.0,1
CLI_000141,2026-07-04,62,4,5,22,217.63,399.32,proporcional,insufficient_funds,pix_automatico,0.729,1,1,1960.0,1
CLI_000141,2026-08-11,62,11,1,0,400.91,399.32,proporcional,authorization_revoked,pix_automatico,0.729,2,1,1960.0,0
CLI_000143,2026-04-13,2,13,0,8,2459.88,8785.29,mensal,insufficient_funds,pix_automatico,0.412,0,1,2459.88,0
CLI_000143,2026-04-16,2,16,3,15,24598.8,8785.29,anual,authorization_revoked,pix_automatico,0.412,1,2,24598.8,0
CLI_000143,2026-04-17,2,17,4,23,24598.8,8785.29,anual,insufficient_funds,pix_automatico,0.412,2,3,24598.8,0
CLI_000143,2026-05-24,2,24,6,9,2459.88,8785.29,mensal,processing_error,pix_automatico,0.412,3,1,2459.88,0
CLI_000143,2026-06-21,2,21,6,16,2459.88,8785.29,mensal,processing_error,pix_automatico,0.412,4,1,2459.88,0
CLI_000143,2026-08-12,2,12,2,9,2459.88,8785.29,mensal,insufficient_funds,pix_automatico,0.412,2,1,2459.88,0
CLI_000143,2026-09-02,2,2,2,20,2459.88,8785.29,mensal,limit_exceeded,pix_automatico,0.412,2,1,2459.88,0
CLI_000148,2026-04-09,35,9,3,17,4047.61,5632.11,proporcional,insufficient_funds,pix_automatico,0.688,0,1,14921.18,1
CLI_000148,2026-04-12,35,12,6,16,6160.28,5632.11,mensal,limit_exceeded,pix_automatico,0.688,1,2,14921.18,0
CLI_000148,2026-08-03,35,3,0,20,6160.28,5632.11,mensal,insufficient_funds,pix_automatico,0.688,0,1,14921.18,1
CLI_000148,2026-08-17,35,17,0,17,6160.28,5632.11,mensal,limit_exceeded,pix_automatico,0.688,1,1,14921.18,1
CLI_000149,2026-04-27,20,27,0,9,2165.93,2165.93,mensal,insufficient_funds,pix_automatico,0.667,0,1,3188.73,0
CLI_000149,2026-06-06,20,6,5,9,2165.93,2165.93,mensal,insufficient_funds,pix_automatico,0.667,1,1,3188.73,0
CLI_000149,2026-06-14,20,14,6,9,2165.93,2165.93,mensal,generic_decline,pix_automatico,0.667,2,2,3188.73,1
CLI_000149,2026-09-14,20,14,0,20,2165.93,2165.93,mensal,authorization_revoked,pix_automatico,0.667,0,1,3188.73,0
CLI_000151,2026-07-20,6,20,0,13,549.49,549.49,mensal,insufficient_funds,pix_automatico,0.464,0,1,549.49,0
CLI_000151,2026-09-14,6,14,0,9,549.49,549.49,mensal,insufficient_funds,pix_automatico,0.464,1,1,549.49,1
CLI_000156,2026-04-15,12,15,2,10,2100.26,1922.69,mensal,generic_decline,pix_automatico,0.622,0,1,2100.26,1
CLI_000156,2026-07-16,12,16,3,13,2100.26,1922.69,mensal,insufficient_funds,pix_automatico,0.622,0,1,2100.26,1
CLI_000156,2026-08-05,12,5,2,7,2100.26,1922.69,mensal,authorization_revoked,pix_automatico,0.622,1,1,2100.26,1
CLI_000156,2026-08-16,12,16,6,22,1389.96,1922.69,proporcional,limit_exceeded,pix_automatico,0.622,2,2,1672.74,1
CLI_000158,2026-04-25,0,25,5,19,1018.22,982.15,mensal,processing_error,pix_automatico,0.58,0,1,1018.22,1
CLI_000158,2026-05-09,0,9,5,23,1018.22,982.15,mensal,insufficient_funds,pix_automatico,0.58,1,1,1018.22,1
CLI_000158,2026-05-11,0,11,0,9,878.82,982.15,proporcional,limit_exceeded,pix_automatico,0.58,2,2,878.82,1
CLI_000158,2026-06-05,0,5,4,16,1018.22,982.15,mensal,insufficient_funds,pix_automatico,0.58,3,1,1018.22,0
CLI_000158,2026-08-06,0,6,3,16,941.2,982.15,proporcional,authorization_revoked,pix_automatico,0.58,3,1,941.2,0
CLI_000158,2026-09-13,0,13,6,0,1018.22,982.15,mensal,insufficient_funds,pix_automatico,0.58,1,1,1018.22,0
CLI_000163,2026-05-19,3,19,1,14,703.03,703.03,mensal,processing_error,pix_automatico,0.456,0,1,703.03,0
CLI_000163,2026-07-27,3,27,0,15,703.03,703.03,mensal,limit_exceeded,pix_automatico,0.456,1,1,703.03,1
CLI_000163,2026-09-14,3,14,0,11,703.03,703.03,mensal,limit_exceeded,pix_automatico,0.456,1,1,703.03,1
CLI_000168,2026-07-01,20,1,2,18,1510.0,4228.0,mensal,insufficient_funds,pix_automatico,0.559,0,1,6224.56,0
CLI_000168,2026-07-06,20,6,0,20,15100.0,4228.0,anual,limit_exceeded,pix_automatico,0.559,1,2,15100.0,0
CLI_000168,2026-07-08,20,8,2,14,1510.0,4228.0,mensal,insufficient_funds,pix_automatico,0.559,2,3,6224.56,0
CLI_000168,2026-08-03,20,3,0,21,1510.0,4228.0,mensal,insufficient_funds,pix_automatico,0.559,3,1,6224.56,1
CLI_000168,2026-08-16,20,16,6,17,1510.0,4228.0,mensal,processing_error,pix_automatico,0.559,4,2,6224.56,1
CLI_000169,2026-04-12,66,12,6,14,1725.24,1578.74,mensal,authorization_revoked,boleto,0.692,0,1,8248.92,0
CLI_000169,2026-04-12,66,12,6,9,1725.24,1578.74,mensal,insufficient_funds,boleto,0.692,1,2,8248.92,1
CLI_000169,2026-06-26,66,26,4,13,1725.24,1578.74,mensal,authorization_revoked,boleto,0.692,2,1,8248.92,0
CLI_000169,2026-07-16,66,16,3,21,1725.24,1578.74,mensal,limit_exceeded,boleto,0.692,1,1,8248.92,0
CLI_000169,2026-09-08,66,8,1,20,1725.24,1578.74,mensal,authorization_revoked,boleto,0.692,2,1,8248.92,0
CLI_000169,2026-09-13,66,13,6,16,846.24,1578.74,proporcional,limit_exceeded,boleto,0.692,3,2,8248.92,1
CLI_000171,2026-04-14,4,14,1,16,30199.1,12079.64,anual,insufficient_funds,pix_automatico,0.457,0,1,30199.1,1
CLI_000171,2026-05-07,4,7,3,16,3019.91,12079.64,mensal,insufficient_funds,pix_automatico,0.457,1,1,3449.41,0
CLI_000171,2026-08-05,4,5,2,20,3019.91,12079.64,mensal,limit_exceeded,pix_automatico,0.457,0,1,3449.41,0
CLI_000173,2026-09-14,4,14,0,16,441.67,441.67,mensal,insufficient_funds,pix_automatico,0.588,0,1,441.67,1
CLI_000174,2026-04-07,2,7,1,18,415.87,415.87,mensal,limit_exceeded,pix_automatico,0.59,0,1,415.87,0
CLI_000174,2026-06-22,2,22,0,9,415.87,415.87,mensal,processing_error,pix_automatico,0.59,1,1,415.87,0
CLI_000174,2026-09-14,2,14,0,22,415.87,415.87,mensal,generic_decline,pix_automatico,0.59,1,1,415.87,1
CLI_000181,2026-04-11,68,11,5,15,2326.89,1988.12,mensal,insufficient_funds,pix_automatico,0.62,0,1,10702.71,0
CLI_000181,2026-06-10,68,10,2,18,2326.89,1988.12,mensal,insufficient_funds,pix_automatico,0.62,1,1,10702.71,0
CLI_000181,2026-07-19,68,19,6,13,2326.89,1988.12,mensal,insufficient_funds,pix_automatico,0.62,1,1,10702.71,0
CLI_000181,2026-08-08,68,8,5,23,2326.89,1988.12,mensal,limit_exceeded,pix_automatico,0.62,2,1,10702.71,0
CLI_000181,2026-08-24,68,24,0,17,2086.74,1988.12,proporcional,insufficient_funds,pix_automatico,0.62,3,1,10702.71,1
CLI_000181,2026-09-14,68,14,0,12,534.44,1988.12,proporcional,insufficient_funds,pix_automatico,0.62,3,1,10702.71,1
CLI_000185,2026-04-06,8,6,0,18,10573.64,10573.64,mensal,insufficient_funds,pix_automatico,0.5,0,1,10573.64,1
CLI_000185,2026-04-16,8,16,3,5,10573.64,10573.64,mensal,insufficient_funds,pix_automatico,0.5,1,2,10573.64,0
CLI_000185,2026-04-21,8,21,1,23,10573.64,10573.64,mensal,insufficient_funds,pix_automatico,0.5,2,2,10573.64,0
CLI_000185,2026-05-09,8,9,5,23,10573.64,10573.64,mensal,limit_exceeded,pix_automatico,0.5,3,1,10573.64,0
CLI_000185,2026-05-13,8,13,2,17,10573.64,10573.64,mensal,limit_exceeded,pix_automatico,0.5,4,2,10573.64,0
CLI_000185,2026-06-24,8,24,2,16,10573.64,10573.64,mensal,insufficient_funds,pix_automatico,0.5,5,1,10573.64,0
CLI_000185,2026-07-08,8,8,2,9,10573.64,10573.64,mensal,processing_error,pix_automatico,0.5,5,1,10573.64,1
CLI_000191,2026-04-04,9,4,5,14,1470.79,1470.79,mensal,insufficient_funds,pix_automatico,0.56,0,1,1470.79,1
CLI_000191,2026-05-01,9,1,4,18,1470.79,1470.79,mensal,insufficient_funds,pix_automatico,0.56,1,1,1470.79,0
CLI_000191,2026-09-06,9,6,6,10,1470.79,1470.79,mensal,processing_error,pix_automatico,0.56,0,1,1470.79,1
CLI_000193,2026-05-01,6,1,4,18,9707.57,9707.57,mensal,processing_error,pix_automatico,0.304,0,1,9707.57,0
CLI_000193,2026-05-16,6,16,5,15,9707.57,9707.57,mensal,authorization_revoked,pix_automatico,0.304,1,1,9707.57,0
CLI_000193,2026-05-25,6,25,0,11,9707.57,9707.57,mensal,insufficient_funds,pix_automatico,0.304,2,2,9707.57,0
CLI_000193,2026-09-02,6,2,2,13,9707.57,9707.57,mensal,processing_error,pix_automatico,0.304,0,1,9707.57,0
CLI_000198,2026-04-18,26,18,5,11,1797.42,1797.42,mensal,limit_exceeded,pix_automatico,0.674,0,1,3479.01,1
CLI_000198,2026-07-16,26,16,3,17,1797.42,1797.42,mensal,authorization_revoked,pix_automatico,0.674,1,1,3479.01,0
CLI_000198,2026-08-13,26,13,3,22,1797.42,1797.42,mensal,processing_error,pix_automatico,0.674,1,1,3479.01,1
CLI_000198,2026-08-23,26,23,6,10,1797.42,1797.42,mensal,limit_exceeded,pix_automatico,0.674,2,2,3479.01,0
CLI_000198,2026-09-09,26,9,2,21,1797.42,1797.42,mensal,authorization_revoked,pix_automatico,0.674,3,1,3479.01,0
CLI_000204,2026-06-26,4,26,4,20,200.0,200.0,mensal,limit_exceeded,pix_automatico,0.56,0,1,200.0,1
CLI_000204,2026-07-21,4,21,1,23,200.0,200.0,mensal,insufficient_funds,pix_automatico,0.56,1,1,200.0,0
CLI_000207,2026-04-20,1,20,0,0,318.66,242.41,proporcional,insufficient_funds,pix_automatico,0.581,0,1,318.66,1
CLI_000207,2026-07-24,1,24,4,23,166.16,242.41,proporcional,insufficient_funds,pix_automatico,0.581,0,1,166.16,0
CLI_000210,2026-04-16,0,16,3,23,5183.77,5093.26,mensal,authorization_revoked,pix_automatico,0.422,0,1,5183.77,0
CLI_000210,2026-05-12,0,12,1,12,5183.77,5093.26,mensal,authorization_revoked,pix_automatico,0.422,1,1,5183.77,0
CLI_000210,2026-06-13,0,13,5,9,5183.77,5093.26,mensal,limit_exceeded,pix_automatico,0.422,2,1,5183.77,0
CLI_000210,2026-08-13,0,13,3,22,5183.77,5093.26,mensal,generic_decline,pix_automatico,0.422,1,1,5183.77,0
CLI_000210,2026-08-15,0,15,5,17,4640.73,5093.26,proporcional,limit_exceeded,pix_automatico,0.422,2,2,4640.73,0
CLI_000210,2026-09-06,0,6,6,17,5183.77,5093.26,mensal,limit_exceeded,pix_automatico,0.422,3,1,5183.77,0
CLI_000211,2026-04-16,1,16,3,12,99.99,246.66,proporcional,insufficient_funds,pix_automatico,0.711,0,1,99.99,1
CLI_000211,2026-08-25,1,25,1,12,393.33,246.66,mensal,processing_error,pix_automatico,0.711,0,1,393.33,0
CLI_000212,2026-06-06,0,6,5,15,1872.87,1872.87,mensal,insufficient_funds,boleto,0.426,0,1,1872.87,0
CLI_000212,2026-06-09,0,9,1,16,1872.87,1872.87,mensal,processing_error,boleto,0.426,1,2,1872.87,0
CLI_000212,2026-08-14,0,14,4,17,1872.87,1872.87,mensal,insufficient_funds,boleto,0.426,2,1,1872.87,0
CLI_000212,2026-08-30,0,30,6,22,1872.87,1872.87,mensal,processing_error,boleto,0.426,3,1,1872.87,0
CLI_000213,2026-06-15,45,15,0,13,1036.09,1036.09,mensal,insufficient_funds,pix_automatico,0.69,0,1,3593.94,0
CLI_000213,2026-06-24,45,24,2,12,1036.09,1036.09,mensal,insufficient_funds,pix_automatico,0.69,1,2,3593.94,1
CLI_000213,2026-08-24,45,24,0,18,1036.09,1036.09,mensal,processing_error,pix_automatico,0.69,2,1,3593.94,1
CLI_000213,2026-09-14,45,14,0,19,1036.09,1036.09,mensal,limit_exceeded,pix_automatico,0.69,2,1,3593.94,1
CLI_000218,2026-07-06,3,6,0,22,1513.71,4238.39,mensal,insufficient_funds,pix_automatico,0.331,0,1,1513.71,1
CLI_000218,2026-08-06,3,6,3,8,1513.71,4238.39,mensal,insufficient_funds,pix_automatico,0.331,1,1,1513.71,0
CLI_000218,2026-09-01,3,1,1,21,1513.71,4238.39,mensal,processing_error,pix_automatico,0.331,2,1,1513.71,0
CLI_000218,2026-09-14,3,14,0,1,15137.1,4238.39,anual,insufficient_funds,pix_automatico,0.331,3,2,15137.1,0
CLI_000218,2026-09-14,3,14,0,1,1513.71,4238.39,mensal,insufficient_funds,pix_automatico,0.331,4,3,1513.71,0
CLI_000223,2026-05-13,2,13,2,17,519.55,519.55,mensal,insufficient_funds,pix_automatico,0.629,0,1,519.55,1
CLI_000223,2026-08-22,2,22,5,20,519.55,519.55,mensal,insufficient_funds,pix_automatico,0.629,0,1,519.55,0
CLI_000225,2026-04-16,7,16,3,0,2350.69,2350.69,mensal,generic_decline,pix_automatico,0.425,0,1,2350.69,0
CLI_000225,2026-06-15,7,15,0,10,2350.69,2350.69,mensal,insufficient_funds,pix_automatico,0.425,1,1,2350.69,1
CLI_000232,2026-07-09,15,9,3,20,2599.17,2599.17,mensal,authorization_revoked,boleto,0.517,0,1,2842.84,0
CLI_000232,2026-07-25,15,25,5,12,2599.17,2599.17,mensal,limit_exceeded,boleto,0.517,1,1,2842.84,0
CLI_000235,2026-04-23,68,23,3,8,852.12,3384.5,mensal,limit_exceeded,pix_automatico,0.757,0,1,18219.89,1
CLI_000235,2026-04-30,68,30,3,14,852.12,3384.5,mensal,authorization_revoked,pix_automatico,0.757,1,2,18219.89,0
CLI_000235,2026-05-06,68,6,2,23,8521.2,3384.5,anual,insufficient_funds,pix_automatico,0.757,2,3,18219.89,0
CLI_000235,2026-05-25,68,25,0,16,8521.2,3384.5,anual,limit_exceeded,pix_automatico,0.757,3,1,18219.89,0
CLI_000235,2026-06-04,68,4,3,12,708.21,3384.5,proporcional,insufficient_funds,pix_automatico,0.757,4,2,18219.89,1
CLI_000235,2026-07-08,68,8,2,9,852.12,3384.5,mensal,limit_exceeded,pix_automatico,0.757,5,1,18219.89,0
CLI_000240,2026-04-20,19,20,0,0,659.58,446.87,mensal,limit_exceeded,pix_automatico,0.666,0,1,659.58,0
CLI_000240,2026-04-24,19,24,4,0,234.16,446.87,proporcional,insufficient_funds,pix_automatico,0.666,1,2,623.82,0
CLI_000243,2026-04-03,56,3,4,10,334.59,283.85,mensal,limit_exceeded,pix_automatico,0.798,0,1,1249.57,1
CLI_000243,2026-05-08,56,8,4,14,131.62,283.85,proporcional,authorization_revoked,pix_automatico,0.798,1,1,1249.57,0
CLI_000243,2026-07-23,56,23,3,4,334.59,283.85,mensal,processing_error,pix_automatico,0.798,1,1,1249.57,1
CLI_000243,2026-09-14,56,14,0,20,334.59,283.85,mensal,limit_exceeded,pix_automatico,0.798,1,1,1249.57,0
CLI_000247,2026-09-08,42,8,1,16,14949.76,14949.76,mensal,insufficient_funds,boleto,0.733,0,1,48138.23,0
CLI_000248,2026-05-08,41,8,4,12,51063.6,44667.13,mensal,insufficient_funds,pix_automatico,0.569,0,1,140149.32,1
CLI_000248,2026-06-03,41,3,2,13,51063.6,44667.13,mensal,insufficient_funds,pix_automatico,0.569,1,1,140149.32,1
CLI_000248,2026-07-05,41,5,6,19,51063.6,44667.13,mensal,authorization_revoked,pix_automatico,0.569,2,1,140149.32,0
CLI_000248,2026-07-09,41,9,3,0,25477.73,44667.13,proporcional,limit_exceeded,pix_automatico,0.569,3,2,140149.32,1
CLI_000249,2026-04-12,48,12,6,15,469.98,1879.92,mensal,insufficient_funds,pix_automatico,0.783,0,1,6993.3,1
CLI_000249,2026-06-16,48,16,1,19,469.98,1879.92,mensal,limit_exceeded,pix_automatico,0.783,1,1,6993.3,1
CLI_000249,2026-08-16,48,16,6,17,4699.8,1879.92,anual,authorization_revoked,pix_automatico,0.783,1,1,6993.3,0
CLI_000250,2026-04-04,0,4,5,17,459.65,942.44,proporcional,generic_decline,pix_automatico,0.6,0,1,459.65,0
CLI_000250,2026-06-02,0,2,1,14,1183.83,942.44,mensal,insufficient_funds,pix_automatico,0.6,1,1,1183.83,0
CLI_000250,2026-07-17,0,17,4,10,1183.83,942.44,mensal,generic_decline,pix_automatico,0.6,1,1,1183.83,0
CLI_000251,2026-04-24,6,24,4,15,2677.9,2677.9,mensal,insufficient_funds,pix_automatico,0.502,0,1,2677.9,1
CLI_000251,2026-06-04,6,4,3,20,2677.9,2677.9,mensal,authorization_revoked,pix_automatico,0.502,1,1,2677.9,0
CLI_000251,2026-06-17,6,17,2,13,2677.9,2677.9,mensal,insufficient_funds,pix_automatico,0.502,2,2,2677.9,0
CLI_000251,2026-07-04,6,4,5,14,2677.9,2677.9,mensal,limit_exceeded,pix_automatico,0.502,3,1,2677.9,0
CLI_000256,2026-04-03,33,3,4,18,2980.9,2980.9,mensal,insufficient_funds,pix_automatico,0.636,0,1,7418.71,0
CLI_000256,2026-06-07,33,7,6,9,2980.9,2980.9,mensal,authorization_revoked,pix_automatico,0.636,1,1,7418.71,0
CLI_000256,2026-07-13,33,13,0,17,2980.9,2980.9,mensal,insufficient_funds,pix_automatico,0.636,1,1,7418.71,0
CLI_000267,2026-04-28,43,28,1,4,2709.5,7586.6,mensal,authorization_revoked,pix_automatico,0.65,0,1,25055.8,0
CLI_000267,2026-05-04,43,4,0,15,27095.0,7586.6,anual,insufficient_funds,pix_automatico,0.65,1,2,27095.0,1
CLI_000267,2026-05-19,43,19,1,0,2709.5,7586.6,mensal,generic_decline,pix_automatico,0.65,2,1,25055.8,1
CLI_000267,2026-07-13,43,13,0,11,2709.5,7586.6,mensal,processing_error,pix_automatico,0.65,3,1,25055.8,0
CLI_000267,2026-07-16,43,16,3,0,2709.5,7586.6,mensal,authorization_revoked,pix_automatico,0.65,4,2,25055.8,0
CLI_000269,2026-04-16,45,16,3,22,1808.22,1808.22,mensal,insufficient_funds,boleto,0.679,0,1,6272.26,1
CLI_000269,2026-06-12,45,12,4,14,1808.22,1808.22,mensal,insufficient_funds,boleto,0.679,1,1,6272.26,1
CLI_000269,2026-09-04,45,4,4,14,1808.22,1808.22,mensal,insufficient_funds,boleto,0.679,1,1,6272.26,0
CLI_000273,2026-04-08,5,8,2,13,200732.5,53502.47,anual,processing_error,pix_automatico,0.588,0,1,200732.5,0
CLI_000273,2026-05-06,5,6,2,23,20073.25,53502.47,mensal,insufficient_funds,pix_automatico,0.588,1,1,20073.25,1
CLI_000273,2026-05-25,5,25,0,23,20073.25,53502.47,mensal,insufficient_funds,pix_automatico,0.588,2,1,20073.25,1
CLI_000273,2026-06-03,5,3,2,19,6560.09,53502.47,proporcional,insufficient_funds,pix_automatico,0.588,3,2,19134.56,1
CLI_000273,2026-06-30,5,30,1,11,20073.25,53502.47,mensal,generic_decline,pix_automatico,0.588,4,1,20073.25,1
CLI_000276,2026-05-02,55,2,5,15,514.98,692.6,proporcional,limit_exceeded,pix_automatico,0.815,0,1,2989.24,1
CLI_000276,2026-05-12,55,12,1,8,751.81,692.6,mensal,insufficient_funds,pix_automatico,0.815,1,2,2989.24,0
CLI_000276,2026-08-31,55,31,0,21,751.81,692.6,mensal,limit_exceeded,pix_automatico,0.815,0,1,2989.24,0
CLI_000276,2026-09-06,55,6,6,18,751.81,692.6,mensal,insufficient_funds,pix_automatico,0.815,1,2,2989.24,1
CLI_000285,2026-06-13,43,13,5,0,1051.26,1051.26,mensal,limit_exceeded,pix_automatico,0.696,0,1,3471.93,1
CLI_000287,2026-06-17,0,17,2,15,1920.49,1920.49,mensal,limit_exceeded,pix_automatico,0.469,0,1,1920.49,0
CLI_000287,2026-08-01,0,1,5,21,1920.49,1920.49,mensal,insufficient_funds,pix_automatico,0.469,1,1,1920.49,0
CLI_000289,2026-08-15,0,15,5,23,1605.18,1605.18,mensal,limit_exceeded,pix_automatico,0.541,0,1,1605.18,0
CLI_000289,2026-08-18,0,18,1,22,1605.18,1605.18,mensal,generic_decline,pix_automatico,0.541,1,2,1605.18,0
CLI_000290,2026-04-24,55,24,4,13,1353.2,1353.2,mensal,authorization_revoked,pix_automatico,0.686,0,1,5840.37,1
CLI_000290,2026-05-09,55,9,5,0,1353.2,1353.2,mensal,insufficient_funds,pix_automatico,0.686,1,1,5840.37,1
CLI_000290,2026-06-06,55,6,5,18,1353.2,1353.2,mensal,limit_exceeded,pix_automatico,0.686,2,1,5840.37,0
CLI_000290,2026-06-16,55,16,1,22,1353.2,1353.2,mensal,limit_exceeded,pix_automatico,0.686,3,2,5840.37,0
CLI_000290,2026-06-22,55,22,0,6,1353.2,1353.2,mensal,generic_decline,pix_automatico,0.686,4,2,5840.37,0
CLI_000290,2026-07-16,55,16,3,17,1353.2,1353.2,mensal,insufficient_funds,pix_automatico,0.686,5,1,5840.37,0
CLI_000290,2026-08-22,55,22,5,16,1353.2,1353.2,mensal,insufficient_funds,pix_automatico,0.686,4,1,5840.37,0
CLI_000296,2026-04-26,16,26,6,16,2541.2,2541.2,mensal,authorization_revoked,pix_automatico,0.567,0,1,2970.38,1
CLI_000296,2026-07-09,16,9,3,16,2541.2,2541.2,mensal,generic_decline,pix_automatico,0.567,1,1,2970.38,0
CLI_000296,2026-07-22,16,22,2,18,2541.2,2541.2,mensal,generic_decline,pix_automatico,0.567,2,2,2970.38,1
CLI_000296,2026-08-02,16,2,6,18,2541.2,2541.2,mensal,insufficient_funds,pix_automatico,0.567,2,2,2970.38,1
CLI_000299,2026-06-14,3,14,6,15,2636.47,8568.53,mensal,insufficient_funds,boleto,0.361,0,1,2636.47,1
CLI_000299,2026-06-18,3,18,3,16,2636.47,8568.53,mensal,insufficient_funds,boleto,0.361,1,2,2636.47,1
CLI_000299,2026-07-27,3,27,0,15,2636.47,8568.53,mensal,authorization_revoked,boleto,0.361,2,1,2636.47,0
CLI_000299,2026-09-14,3,14,0,10,26364.7,8568.53,anual,authorization_revoked,boleto,0.361,2,1,26364.7,0
CLI_000301,2026-06-07,6,7,6,22,309.84,309.84,mensal,generic_decline,pix_automatico,0.394,0,1,309.84,0
CLI_000301,2026-06-24,6,24,2,22,309.84,309.84,mensal,limit_exceeded,pix_automatico,0.394,1,1,309.84,0
CLI_000301,2026-08-25,6,25,1,9,309.84,309.84,mensal,insufficient_funds,pix_automatico,0.394,2,1,309.84,1
CLI_000301,2026-08-25,6,25,1,8,309.84,309.84,mensal,processing_error,pix_automatico,0.394,3,2,309.84,1
CLI_000301,2026-08-31,6,31,0,19,309.84,309.84,mensal,processing_error,pix_automatico,0.394,4,3,309.84,0
CLI_000303,2026-06-01,6,1,0,22,12391.7,8674.19,anual,authorization_revoked,boleto,0.566,0,1,12391.7,0
CLI_000303,2026-07-20,6,20,0,13,12391.7,8674.19,anual,insufficient_funds,boleto,0.566,1,1,12391.7,1
CLI_000303,2026-09-14,6,14,0,15,1239.17,8674.19,mensal,insufficient_funds,boleto,0.566,1,1,3729.9,0
CLI_000305,2026-06-04,5,4,3,18,538.7,538.7,mensal,authorization_revoked,pix_automatico,0.486,0,1,538.7,0
CLI_000305,2026-06-17,5,17,2,22,538.7,538.7,mensal,processing_error,pix_automatico,0.486,1,2,538.7,1
CLI_000305,2026-07-06,5,6,0,9,538.7,538.7,mensal,processing_error,pix_automatico,0.486,2,1,538.7,0
CLI_000306,2026-07-08,0,8,2,18,1230.75,6769.12,mensal,processing_error,pix_automatico,0.624,0,1,1230.75,1
CLI_000306,2026-08-10,0,10,0,14,12307.5,6769.12,anual,insufficient_funds,pix_automatico,0.624,1,1,12307.5,1
CLI_000309,2026-04-01,7,1,2,10,13255.37,30297.99,mensal,limit_exceeded,pix_automatico,0.549,0,1,15228.95,0
CLI_000309,2026-04-01,7,1,2,18,132553.7,30297.99,anual,insufficient_funds,pix_automatico,0.549,1,2,132553.7,1
CLI_000309,2026-04-18,7,18,5,12,13255.37,30297.99,mensal,limit_exceeded,pix_automatico,0.549,2,1,15228.95,1
CLI_000309,2026-05-04,7,4,0,15,13255.37,30297.99,mensal,processing_error,pix_automatico,0.549,3,1,15228.95,0
CLI_000309,2026-05-08,7,8,4,11,13255.37,30297.99,mensal,authorization_revoked,pix_automatico,0.549,4,2,15228.95,0
CLI_000309,2026-05-24,7,24,6,18,13255.37,30297.99,mensal,authorization_revoked,pix_automatico,0.549,5,1,15228.95,0
CLI_000309,2026-07-28,7,28,1,10,13255.37,30297.99,mensal,insufficient_funds,pix_automatico,0.549,3,1,15228.95,1
CLI_000310,2026-04-22,4,22,2,10,7002.51,14434.24,mensal,insufficient_funds,pix_automatico,0.495,0,1,7002.51,0
CLI_000310,2026-05-05,4,5,1,10,7002.51,14434.24,mensal,generic_decline,pix_automatico,0.495,1,2,7002.51,0
CLI_000310,2026-05-15,4,15,4,16,7002.51,14434.24,mensal,insufficient_funds,pix_automatico,0.495,2,2,7002.51,0
CLI_000310,2026-05-17,4,17,6,20,3433.72,14434.24,proporcional,limit_exceeded,pix_automatico,0.495,3,3,4121.78,0
CLI_000310,2026-05-24,4,24,6,0,7002.51,14434.24,mensal,insufficient_funds,pix_automatico,0.495,4,3,7002.51,0
CLI_000310,2026-05-28,4,28,3,20,70025.1,14434.24,anual,processing_error,pix_automatico,0.495,5,4,70025.1,1
CLI_000310,2026-06-12,4,12,4,11,7002.51,14434.24,mensal,insufficient_funds,pix_automatico,0.495,6,1,7002.51,0
CLI_000310,2026-07-22,4,22,2,12,7002.51,14434.24,mensal,processing_error,pix_automatico,0.495,6,1,7002.51,0
CLI_000311,2026-09-14,45,14,0,22,2995.75,2995.75,mensal,insufficient_funds,boleto,0.5,0,1,10391.51,1
CLI_000314,2026-05-24,21,24,6,10,4685.31,4685.31,mensal,limit_exceeded,pix_automatico,0.605,0,1,7256.37,1
CLI_000314,2026-05-31,21,31,6,17,4685.31,4685.31,mensal,processing_error,pix_automatico,0.605,1,2,7256.37,1
CLI_000314,2026-06-19,21,19,4,21,4685.31,4685.31,mensal,processing_error,pix_automatico,0.605,2,1,7256.37,0
CLI_000317,2026-04-06,59,6,0,20,696.5,569.88,proporcional,authorization_revoked,pix_automatico,0.804,0,1,2657.14,1
CLI_000317,2026-09-14,59,14,0,16,443.25,569.88,proporcional,authorization_revoked,pix_automatico,0.804,0,1,2657.14,0
CLI_000323,2026-07-08,64,8,2,16,1602.85,2945.26,proporcional,insufficient_funds,pix_automatico,0.828,0,1,14922.65,1
CLI_000323,2026-09-14,64,14,0,16,4287.67,2945.26,mensal,insufficient_funds,pix_automatico,0.828,1,1,14922.65,0
CLI_000325,2026-08-20,50,20,3,17,4189.73,4189.73,mensal,insufficient_funds,pix_automatico,0.763,0,1,16293.39,1
CLI_000325,2026-09-13,50,13,6,21,4189.73,4189.73,mensal,insufficient_funds,pix_automatico,0.763,1,1,16293.39,0
CLI_000330,2026-05-15,1,15,4,12,10279.56,8774.98,mensal,limit_exceeded,pix_automatico,0.414,0,1,10279.56,1
CLI_000330,2026-06-01,1,1,0,21,10279.56,8774.98,mensal,insufficient_funds,pix_automatico,0.414,1,1,10279.56,0
CLI_000330,2026-07-18,1,18,5,2,10279.56,8774.98,mensal,authorization_revoked,pix_automatico,0.414,2,1,10279.56,0
CLI_000330,2026-09-05,1,5,5,13,4261.26,8774.98,proporcional,insufficient_funds,pix_automatico,0.414,1,1,4261.26,0
CLI_000334,2026-06-22,41,22,0,8,1877.51,1877.51,mensal,authorization_revoked,boleto,0.608,0,1,5890.95,0
CLI_000334,2026-07-17,41,17,4,20,1877.51,1877.51,mensal,authorization_revoked,boleto,0.608,1,1,5890.95,0
CLI_000334,2026-08-15,41,15,5,19,1877.51,1877.51,mensal,processing_error,boleto,0.608,2,1,5890.95,0
CLI_000337,2026-04-07,4,7,1,7,25884.4,13837.76,anual,insufficient_funds,pix_automatico,0.558,0,1,25884.4,0
CLI_000337,2026-04-10,4,10,4,8,2588.44,13837.76,mensal,insufficient_funds,pix_automatico,0.558,1,2,3951.45,0
CLI_000337,2026-04-28,4,28,1,0,993.8,13837.76,proporcional,insufficient_funds,pix_automatico,0.558,2,1,3951.45,1
CLI_000337,2026-08-12,4,12,2,23,25884.4,13837.76,anual,authorization_revoked,pix_automatico,0.558,0,1,25884.4,0
CLI_000338,2026-05-12,67,12,1,15,6826.78,6826.78,mensal,processing_error,pix_automatico,0.857,0,1,36210.38,1
CLI_000340,2026-04-16,66,16,3,14,200.0,176.4,mensal,authorization_revoked,pix_automatico,0.626,0,1,921.69,0
CLI_000340,2026-04-18,66,18,5,23,200.0,176.4,mensal,authorization_revoked,pix_automatico,0.626,1,2,921.69,1
CLI_000340,2026-05-18,66,18,0,17,200.0,176.4,mensal,limit_exceeded,pix_automatico,0.626,2,1,921.69,0
CLI_000340,2026-06-29,66,29,0,17,105.58,176.4,proporcional,generic_decline,pix_automatico,0.626,3,1,921.69,0
CLI_000342,2026-04-05,6,5,6,14,1964.2,1786.8,mensal,authorization_revoked,pix_automatico,0.309,0,1,1964.2,0
CLI_000342,2026-05-27,6,27,2,22,1964.2,1786.8,mensal,insufficient_funds,pix_automatico,0.309,1,1,1964.2,0
CLI_000342,2026-08-09,6,9,6,18,1964.2,1786.8,mensal,processing_error,pix_automatico,0.309,1,1,1964.2,0
CLI_000342,2026-08-17,6,17,0,15,1254.59,1786.8,proporcional,insufficient_funds,pix_automatico,0.309,2,2,1254.59,1
CLI_000343,2026-04-24,5,24,4,21,2910.19,2910.19,mensal,generic_decline,pix_automatico,0.612,0,1,2910.19,0
CLI_000343,2026-06-16,5,16,1,15,2910.19,2910.19,mensal,insufficient_funds,pix_automatico,0.612,1,1,2910.19,0
CLI_000343,2026-08-04,5,4,1,13,2910.19,2910.19,mensal,limit_exceeded,pix_automatico,0.612,1,1,2910.19,0
CLI_000348,2026-04-16,2,16,3,23,108.06,878.74,proporcional,insufficient_funds,boleto,0.617,0,1,124.98,1
CLI_000348,2026-05-18,2,18,0,15,247.27,878.74,proporcional,processing_error,boleto,0.617,1,1,247.27,1
CLI_000348,2026-05-25,2,25,0,17,226.72,878.74,proporcional,insufficient_funds,boleto,0.617,2,2,226.72,0
CLI_000348,2026-06-19,2,19,4,17,2932.9,878.74,anual,insufficient_funds,boleto,0.617,3,1,2932.9,1
CLI_000354,2026-05-17,2,17,6,20,6177.95,5809.97,mensal,authorization_revoked,boleto,0.429,0,1,6177.95,1
CLI_000354,2026-05-25,2,25,0,11,3970.08,5809.97,proporcional,insufficient_funds,boleto,0.429,1,2,3970.08,0
CLI_000354,2026-06-18,2,18,3,14,6177.95,5809.97,mensal,authorization_revoked,boleto,0.429,2,1,6177.95,0
CLI_000354,2026-07-01,2,1,2,19,6177.95,5809.97,mensal,processing_error,boleto,0.429,3,2,6177.95,1
CLI_000354,2026-07-10,2,10,4,15,6177.95,5809.97,mensal,insufficient_funds,boleto,0.429,4,2,6177.95,0
CLI_000354,2026-09-14,2,14,0,15,6177.95,5809.97,mensal,generic_decline,boleto,0.429,3,1,6177.95,0
CLI_000360,2026-05-21,36,21,3,11,1517.17,1517.17,mensal,limit_exceeded,pix_automatico,0.604,0,1,4141.87,1
CLI_000360,2026-06-23,36,23,1,12,1517.17,1517.17,mensal,insufficient_funds,pix_automatico,0.604,1,1,4141.87,0
CLI_000360,2026-07-04,36,4,5,16,1517.17,1517.17,mensal,authorization_revoked,pix_automatico,0.604,2,2,4141.87,0
CLI_000360,2026-08-03,36,3,0,0,1517.17,1517.17,mensal,insufficient_funds,pix_automatico,0.604,3,1,4141.87,0
CLI_000362,2026-08-22,42,22,5,15,57089.9,57089.9,anual,limit_exceeded,pix_automatico,0.614,0,1,183829.48,0
CLI_000364,2026-06-27,58,27,5,17,1565.94,1565.94,mensal,limit_exceeded,boleto,0.671,0,1,7165.05,0
CLI_000364,2026-08-25,58,25,1,14,1565.94,1565.94,mensal,authorization_revoked,boleto,0.671,1,1,7165.05,0
CLI_000365,2026-04-07,10,7,1,18,99335.6,19149.86,anual,insufficient_funds,boleto,0.462,0,1,99335.6,0
CLI_000365,2026-05-01,10,1,4,14,9300.94,19149.86,proporcional,processing_error,boleto,0.462,1,1,13830.45,0
CLI_000365,2026-05-12,10,12,1,16,9933.56,19149.86,mensal,authorization_revoked,boleto,0.462,2,2,13830.45,0
CLI_000365,2026-05-20,10,20,2,6,4110.83,19149.86,proporcional,insufficient_funds,boleto,0.462,3,2,13830.45,1
CLI_000365,2026-05-29,10,29,4,14,9933.56,19149.86,mensal,processing_error,boleto,0.462,4,2,13830.45,0
CLI_000365,2026-07-10,10,10,4,22,9933.56,19149.86,mensal,limit_exceeded,boleto,0.462,4,1,13830.45,1
CLI_000365,2026-07-24,10,24,4,17,9933.56,19149.86,mensal,insufficient_funds,boleto,0.462,5,1,13830.45,0
CLI_000365,2026-08-09,10,9,6,9,9933.56,19149.86,mensal,insufficient_funds,boleto,0.462,5,1,13830.45,0
CLI_000365,2026-09-11,10,11,4,6,9933.56,19149.86,mensal,insufficient_funds,boleto,0.462,3,1,13830.45,1
CLI_000372,2026-06-05,0,5,4,16,4843.11,4843.11,mensal,insufficient_funds,pix_automatico,0.377,0,1,4843.11,1
CLI_000372,2026-06-23,0,23,1,14,4843.11,4843.11,mensal,authorization_revoked,pix_automatico,0.377,1,1,4843.11,0
CLI_000372,2026-06-26,0,26,4,12,4843.11,4843.11,mensal,authorization_revoked,pix_automatico,0.377,2,2,4843.11,0
CLI_000372,2026-07-10,0,10,4,18,4843.11,4843.11,mensal,insufficient_funds,pix_automatico,0.377,3,1,4843.11,0
CLI_000372,2026-07-12,0,12,6,16,4843.11,4843.11,mensal,insufficient_funds,pix_automatico,0.377,4,2,4843.11,1
CLI_000372,2026-08-30,0,30,6,0,4843.11,4843.11,mensal,insufficient_funds,pix_automatico,0.377,5,1,4843.11,1
CLI_000375,2026-06-04,19,4,3,15,6392.78,16339.51,proporcional,authorization_revoked,pix_automatico,0.647,0,1,22809.5,0
CLI_000375,2026-08-24,19,24,0,18,26286.24,16339.51,mensal,limit_exceeded,pix_automatico,0.647,1,1,26286.24,0
CLI_000376,2026-05-12,0,12,1,15,1428.05,1428.05,mensal,generic_decline,pix_automatico,0.486,0,1,1428.05,0
CLI_000376,2026-06-12,0,12,4,16,1428.05,1428.05,mensal,insufficient_funds,pix_automatico,0.486,1,1,1428.05,0
CLI_000376,2026-06-27,0,27,5,20,1428.05,1428.05,mensal,limit_exceeded,pix_automatico,0.486,2,1,1428.05,0
CLI_000383,2026-05-16,6,16,5,16,428.63,428.63,mensal,generic_decline,pix_automatico,0.623,0,1,428.63,0
CLI_000383,2026-06-24,6,24,2,13,428.63,428.63,mensal,insufficient_funds,pix_automatico,0.623,1,1,428.63,0
CLI_000383,2026-07-04,6,4,5,12,428.63,428.63,mensal,limit_exceeded,pix_automatico,0.623,2,2,428.63,1
CLI_000383,2026-08-24,6,24,0,17,428.63,428.63,mensal,authorization_revoked,pix_automatico,0.623,2,1,428.63,0
CLI_000388,2026-06-17,0,17,2,16,2484.22,2484.22,mensal,authorization_revoked,pix_automatico,0.505,0,1,2484.22,0
CLI_000388,2026-09-12,0,12,5,6,2484.22,2484.22,mensal,limit_exceeded,pix_automatico,0.505,1,1,2484.22,0
CLI_000394,2026-04-12,43,12,6,12,4053.14,3844.12,mensal,generic_decline,pix_automatico,0.697,0,1,12695.74,1
CLI_000394,2026-04-17,43,17,4,13,4053.14,3844.12,mensal,authorization_revoked,pix_automatico,0.697,1,2,12695.74,1
CLI_000394,2026-05-04,43,4,0,17,3217.08,3844.12,proporcional,insufficient_funds,pix_automatico,0.697,2,1,12695.74,0
CLI_000394,2026-06-15,43,15,0,11,4053.14,3844.12,mensal,insufficient_funds,pix_automatico,0.697,3,1,12695.74,1
CLI_000396,2026-09-14,0,14,0,21,4333.6,4333.6,mensal,insufficient_funds,pix_automatico,0.541,0,1,4333.6,1
CLI_000398,2026-05-27,2,27,2,8,3326.16,2599.5,mensal,processing_error,pix_automatico,0.494,0,1,3326.16,0
CLI_000398,2026-07-16,2,16,3,12,1146.18,2599.5,proporcional,processing_error,pix_automatico,0.494,1,1,1146.18,0
CLI_000398,2026-08-06,2,6,3,17,3326.16,2599.5,mensal,processing_error,pix_automatico,0.494,2,1,3326.16,0
CLI_000399,2026-06-12,0,12,4,19,804.02,804.02,mensal,insufficient_funds,pix_automatico,0.423,0,1,804.02,1
CLI_000399,2026-07-31,0,31,4,14,804.02,804.02,mensal,insufficient_funds,pix_automatico,0.423,1,1,804.02,1
CLI_000400,2026-04-01,3,1,2,0,1470.63,1342.96,mensal,limit_exceeded,pix_automatico,0.519,0,1,1470.63,0
CLI_000400,2026-04-13,3,13,0,14,832.29,1342.96,proporcional,limit_exceeded,pix_automatico,0.519,1,2,832.29,1
CLI_000400,2026-05-09,3,9,5,14,1470.63,1342.96,mensal,insufficient_funds,pix_automatico,0.519,2,1,1470.63,1
CLI_000400,2026-05-26,3,26,1,10,1470.63,1342.96,mensal,insufficient_funds,pix_automatico,0.519,3,1,1470.63,1
CLI_000400,2026-07-23,3,23,3,16,1470.63,1342.96,mensal,insufficient_funds,pix_automatico,0.519,2,1,1470.63,0
CLI_000403,2026-04-17,10,17,4,14,1149.63,1149.63,mensal,insufficient_funds,pix_automatico,0.37,0,1,1149.63,0
CLI_000403,2026-05-07,10,7,3,14,1149.63,1149.63,mensal,insufficient_funds,pix_automatico,0.37,1,1,1149.63,0
CLI_000403,2026-06-06,10,6,5,11,1149.63,1149.63,mensal,processing_error,pix_automatico,0.37,2,1,1149.63,1
CLI_000403,2026-06-12,10,12,4,23,1149.63,1149.63,mensal,generic_decline,pix_automatico,0.37,3,2,1149.63,0
CLI_000403,2026-07-23,10,23,3,16,1149.63,1149.63,mensal,insufficient_funds,pix_automatico,0.37,3,1,1149.63,0
CLI_000403,2026-08-25,10,25,1,16,1149.63,1149.63,mensal,limit_exceeded,pix_automatico,0.37,3,1,1149.63,1
CLI_000412,2026-04-25,33,25,5,15,828.81,828.81,mensal,limit_exceeded,boleto,0.637,0,1,2062.7,1
CLI_000412,2026-08-03,33,3,0,11,828.81,828.81,mensal,authorization_revoked,boleto,0.637,0,1,2062.7,0
CLI_000417,2026-04-24,17,24,4,8,8323.51,8323.51,mensal,limit_exceeded,boleto,0.605,0,1,10356.99,1
CLI_000417,2026-06-10,17,10,2,14,8323.51,8323.51,mensal,limit_exceeded,boleto,0.605,1,1,10356.99,0
CLI_000417,2026-06-17,17,17,2,18,8323.51,8323.51,mensal,limit_exceeded,boleto,0.605,2,2,10356.99,1
CLI_000417,2026-07-16,17,16,3,19,8323.51,8323.51,mensal,authorization_revoked,boleto,0.605,3,1,10356.99,0
CLI_000417,2026-09-14,17,14,0,22,8323.51,8323.51,mensal,limit_exceeded,boleto,0.605,2,1,10356.99,0
CLI_000419,2026-05-22,56,22,4,9,8575.15,8575.15,mensal,processing_error,pix_automatico,0.679,0,1,37749.72,1
CLI_000419,2026-08-07,56,7,4,15,8575.15,8575.15,mensal,insufficient_funds,pix_automatico,0.679,1,1,37749.72,0
CLI_000419,2026-08-13,56,13,3,14,8575.15,8575.15,mensal,limit_exceeded,pix_automatico,0.679,2,2,37749.72,0
CLI_000419,2026-09-09,56,9,2,14,8575.15,8575.15,mensal,insufficient_funds,pix_automatico,0.679,2,1,37749.72,1
CLI_000420,2026-04-07,1,7,1,12,20101.1,5628.31,anual,limit_exceeded,pix_automatico,0.362,0,1,20101.1,0
CLI_000420,2026-04-14,1,14,1,8,2010.11,5628.31,mensal,insufficient_funds,pix_automatico,0.362,1,2,2010.11,0
CLI_000420,2026-06-02,1,2,1,23,2010.11,5628.31,mensal,insufficient_funds,pix_automatico,0.362,2,1,2010.11,1
CLI_000420,2026-08-28,1,28,4,18,2010.11,5628.31,mensal,limit_exceeded,pix_automatico,0.362,1,1,2010.11,0
CLI_000420,2026-09-07,1,7,0,13,2010.11,5628.31,mensal,processing_error,pix_automatico,0.362,1,2,2010.11,1
CLI_000423,2026-05-22,0,22,4,15,228.3,304.15,proporcional,insufficient_funds,boleto,0.429,0,1,228.3,0
CLI_000423,2026-05-24,0,24,6,17,329.44,304.15,mensal,insufficient_funds,boleto,0.429,1,2,329.44,0
CLI_000423,2026-06-01,0,1,0,18,329.44,304.15,mensal,authorization_revoked,boleto,0.429,2,3,329.44,0
CLI_000423,2026-07-08,0,8,2,8,329.44,304.15,mensal,authorization_revoked,boleto,0.429,3,1,329.44,0
CLI_000425,2026-05-15,3,15,4,20,1197.85,1197.85,mensal,generic_decline,pix_automatico,0.564,0,1,1197.85,0
CLI_000425,2026-08-11,3,11,1,23,1197.85,1197.85,mensal,insufficient_funds,pix_automatico,0.564,1,1,1197.85,1
CLI_000434,2026-04-25,10,25,5,13,2551.25,4581.46,proporcional,limit_exceeded,pix_automatico,0.579,0,1,3308.83,0
CLI_000434,2026-06-26,10,26,4,10,5258.19,4581.46,mensal,insufficient_funds,pix_automatico,0.579,1,1,5258.19,1
CLI_000434,2026-08-25,10,25,1,23,5258.19,4581.46,mensal,limit_exceeded,pix_automatico,0.579,1,1,5258.19,0
CLI_000434,2026-09-05,10,5,5,16,5258.19,4581.46,mensal,insufficient_funds,pix_automatico,0.579,2,2,5258.19,0
CLI_000449,2026-04-20,63,20,0,10,2809.84,2809.84,mensal,insufficient_funds,pix_automatico,0.822,0,1,14014.08,1
CLI_000449,2026-04-26,63,26,6,13,2809.84,2809.84,mensal,limit_exceeded,pix_automatico,0.822,1,2,14014.08,0
CLI_000449,2026-09-14,63,14,0,20,2809.84,2809.84,mensal,authorization_revoked,pix_automatico,0.822,0,1,14014.08,1
CLI_000451,2026-06-04,15,4,3,23,2700.23,2700.23,mensal,generic_decline,boleto,0.577,0,1,2953.38,0
CLI_000451,2026-06-28,15,28,6,14,2700.23,2700.23,mensal,authorization_revoked,boleto,0.577,1,1,2953.38,0
CLI_000451,2026-07-04,15,4,5,22,2700.23,2700.23,mensal,generic_decline,boleto,0.577,2,2,2953.38,1
CLI_000460,2026-04-22,3,22,2,16,2594.1,2594.1,mensal,insufficient_funds,pix_automatico,0.444,0,1,2594.1,0
CLI_000460,2026-09-14,3,14,0,16,2594.1,2594.1,mensal,authorization_revoked,pix_automatico,0.444,0,1,2594.1,0
CLI_000462,2026-04-09,1,9,3,4,290.61,290.61,mensal,insufficient_funds,pix_automatico,0.522,0,1,290.61,0
CLI_000462,2026-04-12,1,12,6,17,290.61,290.61,mensal,generic_decline,pix_automatico,0.522,1,2,290.61,0
CLI_000465,2026-04-10,12,10,4,16,1066.91,1066.91,mensal,insufficient_funds,pix_automatico,0.582,0,1,1066.91,1
CLI_000465,2026-05-25,12,25,0,13,1066.91,1066.91,mensal,insufficient_funds,pix_automatico,0.582,1,1,1066.91,0
CLI_000465,2026-08-19,12,19,2,8,1066.91,1066.91,mensal,generic_decline,pix_automatico,0.582,1,1,1066.91,0
