customer_id,tenure_days,mrr_brl,seats,logins_7d,logins_30d,feature_adoption,avg_session_min,api_calls_7d,days_since_last_login,tickets_30d,failed_pay_90d,nps_last,is_anomalous
CLI_000000,353,2566.82,18,98,338,0.742,27.5,1168,7,0,0,9.2,0
CLI_000001,143,546.76,6,26,102,0.523,27.1,517,12,1,0,7.0,0
CLI_000002,88,4285.61,23,106,114,0.632,24.7,696,1,0,3,7.7,0
CLI_000003,153,5332.89,84,438,1572,0.731,24.9,837,2,0,0,9.3,0
CLI_000004,30,200.0,2,8,28,0.595,20.4,843,2,0,0,8.7,0
CLI_000005,267,404.44,5,20,83,0.428,24.3,2167,2,0,2,8.1,0
CLI_000006,30,2094.39,20,107,369,0.759,11.4,516,0,2,0,6.1,0
CLI_000007,352,1256.8,14,67,253,0.688,22.4,744,0,0,0,10.0,0
CLI_000008,30,1773.44,15,53,217,0.85,19.0,1872,1,0,0,6.3,0
CLI_000009,30,677.9,9,46,155,0.619,27.2,1360,3,0,2,10.0,0
CLI_000010,2000,4970.66,60,258,1092,0.805,15.4,998,12,0,0,9.1,0
CLI_000011,274,4422.5,25,97,433,0.898,27.2,1653,1,0,0,8.1,0
CLI_000012,97,1950.68,28,135,516,0.733,26.6,1603,6,0,0,6.6,0
CLI_000013,1273,6609.92,41,161,657,0.909,30.3,1672,9,1,0,7.2,0
CLI_000014,220,3095.29,29,142,548,0.762,20.6,913,14,0,1,8.4,0
CLI_000015,32,673.05,6,25,101,0.679,31.7,476,2,0,0,4.0,0
CLI_000016,1878,2762.98,16,88,333,0.606,22.2,5717,0,0,3,4.6,0
CLI_000017,784,600.21,8,3,41,0.181,4.9,83,2,0,0,4.8,1
CLI_000018,30,4965.24,47,267,1092,0.764,29.1,734,0,0,0,7.2,0
CLI_000019,173,1707.16,13,65,257,0.737,28.8,1384,13,0,0,6.4,0
CLI_000020,30,1461.78,8,45,176,0.863,22.8,1043,3,0,0,3.1,0
CLI_000021,890,826.28,4,21,82,0.734,30.3,1015,4,0,0,5.1,0
CLI_000022,1108,7375.53,82,397,1590,0.927,22.8,1888,5,0,0,7.6,0
CLI_000023,2000,1513.67,16,53,244,0.773,16.3,623,8,0,0,10.0,0
CLI_000024,86,1104.8,12,40,149,0.839,12.4,818,1,0,0,8.3,0
CLI_000025,646,1205.98,10,48,189,0.533,13.1,829,8,0,0,3.6,0
CLI_000026,1586,3334.76,29,193,693,0.782,25.6,1183,1,0,0,9.0,0
CLI_000027,30,2752.49,18,14,125,0.788,6.9,92,14,0,0,0.0,1
CLI_000028,941,2906.32,35,145,624,0.54,16.4,133,4,0,0,8.0,0
CLI_000029,62,2967.41,17,89,375,0.789,19.3,1042,6,0,3,4.1,0
CLI_000030,211,21224.15,175,785,2926,0.551,31.9,7569,0,1,0,8.3,0
CLI_000031,30,1133.0,9,38,142,0.954,28.3,2734,5,0,0,7.2,0
CLI_000032,392,1003.17,11,39,180,0.834,26.8,4376,1,0,0,10.0,0
CLI_000033,152,709.22,7,26,117,0.571,14.9,1748,0,0,0,4.4,0
CLI_000034,119,3671.58,32,130,592,0.461,24.2,819,4,0,0,1.3,0
CLI_000035,401,6623.1,83,304,1316,0.725,30.0,2061,3,0,0,3.5,0
CLI_000036,30,1585.98,19,85,317,0.814,26.7,3832,3,0,0,6.6,0
CLI_000037,299,688.02,5,22,80,0.748,22.6,682,16,1,0,7.4,0
CLI_000038,328,700.54,6,32,5,0.325,22.1,321,2,0,0,9.4,0
CLI_000039,835,3820.67,50,1,1011,0.755,20.5,706,1,0,0,4.5,0
CLI_000040,1608,4250.29,15,71,294,0.54,33.3,1892,7,1,0,1.3,0
CLI_000041,1852,3376.61,16,67,305,0.633,15.7,669,1,1,0,10.0,0
CLI_000042,30,841.06,5,21,87,0.36,25.0,1469,17,0,0,5.1,0
CLI_000043,1280,2361.34,17,67,266,0.503,20.6,1161,2,0,2,3.6,0
CLI_000044,30,2067.69,22,113,378,0.749,20.6,188,8,0,1,1.7,0
CLI_000045,30,2325.04,13,87,334,0.572,16.1,963,0,0,1,6.3,0
CLI_000046,1328,4925.31,45,191,697,0.772,12.8,3270,9,0,0,7.0,0
CLI_000047,40,2338.2,14,82,276,0.86,8.8,3014,17,0,2,8.2,0
CLI_000048,532,3947.16,32,209,720,0.868,20.3,1339,2,0,0,10.0,0
CLI_000049,362,1954.16,8,29,126,0.816,24.9,947,0,1,0,7.9,0
CLI_000050,174,2521.19,18,74,297,0.964,7.9,472,3,0,0,4.7,0
CLI_000051,1624,3736.79,43,18,185,0.136,6.1,180,13,0,0,6.2,1
CLI_000052,1975,338.41,2,10,45,0.716,9.6,1015,3,0,3,9.8,0
CLI_000053,75,1251.85,24,127,544,0.302,16.6,1136,7,1,0,7.4,0
CLI_000054,30,1052.66,10,39,142,0.58,20.5,686,0,0,3,0.4,0
CLI_000055,241,867.22,7,34,127,0.865,24.2,1194,1,1,0,2.7,0
CLI_000056,30,1317.63,8,29,108,0.82,24.1,822,3,1,0,1.3,0
CLI_000057,30,10088.81,115,492,1697,0.693,23.1,627,3,0,0,10.0,0
CLI_000058,30,668.0,3,12,44,0.425,24.5,697,3,0,0,6.4,0
CLI_000059,119,5505.59,49,269,1054,0.853,13.9,1096,7,0,0,9.1,0
CLI_000060,1130,261.05,3,13,50,0.733,25.8,846,0,1,0,9.0,0
CLI_000061,30,1230.14,9,51,176,0.877,22.0,3949,13,0,0,3.2,0
CLI_000062,72,2180.19,36,184,809,0.965,31.7,643,1,1,0,7.4,0
CLI_000063,83,3548.06,52,286,973,0.863,22.1,2203,0,0,0,6.7,0
CLI_000064,456,4096.59,27,110,392,0.741,17.3,378,1,0,0,7.1,0
CLI_000065,92,4502.33,38,162,572,0.877,18.2,6317,0,0,0,6.1,0
CLI_000066,2000,1210.71,15,104,353,0.789,18.9,977,21,0,0,6.4,0
CLI_000067,78,1062.41,6,33,117,0.459,21.9,1055,4,0,2,7.5,0
CLI_000068,880,4849.7,26,8,90,0.328,7.7,49,3,0,3,0.0,1
CLI_000069,207,1450.99,8,23,101,0.664,22.3,839,0,0,0,1.8,0
CLI_000070,66,416.95,3,18,67,0.61,10.8,1158,1,0,3,2.0,0
CLI_000071,523,491.14,2,6,28,0.404,23.9,2791,3,0,0,8.4,0
CLI_000072,117,628.06,8,37,156,0.58,22.4,1499,2,1,0,2.8,0
CLI_000073,417,3202.65,25,120,488,0.503,24.3,581,3,0,0,0.4,0
CLI_000074,808,2129.81,16,4,87,0.29,3.8,264,10,3,0,3.8,1
CLI_000075,214,4000.03,39,200,869,0.618,24.9,1129,0,0,2,9.6,0
CLI_000076,156,1106.17,8,32,135,0.78,23.6,1415,8,0,0,7.1,0
CLI_000077,77,2169.65,16,93,344,0.829,12.4,1297,13,0,2,6.0,0
CLI_000078,512,3712.38,27,110,496,0.415,24.0,1444,0,0,0,3.5,0
CLI_000079,262,1266.8,9,37,160,0.876,33.8,3683,4,0,0,5.7,0
CLI_000080,106,3057.31,23,110,434,0.405,15.2,515,0,0,3,8.5,0
CLI_000081,910,844.53,4,21,81,0.717,20.9,875,10,0,0,7.1,0
CLI_000082,214,1190.93,10,44,177,0.861,22.4,310,9,0,0,10.0,0
CLI_000083,1861,1165.61,7,38,163,0.718,24.7,1123,0,0,0,1.9,0
CLI_000084,615,457.05,4,1,20,0.125,7.4,170,0,1,3,6.8,1
CLI_000085,30,3165.35,32,191,711,0.31,21.1,1279,2,0,0,4.1,0
CLI_000086,1687,1053.83,7,37,124,0.672,14.4,736,6,0,0,10.0,0
CLI_000087,285,1834.21,17,78,319,0.547,14.5,1009,3,0,0,4.4,0
CLI_000088,369,3142.77,39,216,733,0.812,14.1,822,11,0,0,8.8,0
CLI_000089,214,3021.51,20,88,363,0.976,27.8,2196,0,0,0,8.8,0
CLI_000090,93,3886.22,29,109,484,0.537,24.6,1657,10,0,3,3.2,0
CLI_000091,1079,1614.44,10,38,140,0.926,22.9,357,4,0,0,6.1,0
CLI_000092,52,1111.21,13,81,305,0.823,18.6,1248,10,0,0,3.6,0
CLI_000093,947,1649.66,24,110,423,0.928,23.5,268,0,0,3,5.6,0
CLI_000094,30,259.71,1,4,16,0.92,12.7,583,2,0,0,5.6,0
CLI_000095,126,342.35,4,19,64,0.612,17.8,1032,3,0,0,7.3,0
CLI_000096,352,395.0,5,19,80,0.858,14.2,425,0,0,3,9.4,0
CLI_000097,283,574.31,5,1,13,0.22,6.5,337,20,1,0,3.4,1
CLI_000098,368,2863.33,26,105,441,0.517,28.9,2189,0,0,0,0.5,0
CLI_000099,265,638.23,4,22,79,0.782,26.4,610,2,0,0,10.0,0
CLI_000100,1262,1170.41,9,47,168,0.892,24.5,1657,5,0,0,10.0,0
CLI_000101,2000,8055.52,59,343,1171,0.935,29.4,1885,6,0,3,7.1,0
CLI_000102,501,1200.26,8,45,161,0.516,5.2,972,2,1,0,3.7,0
CLI_000103,30,4222.33,56,230,1044,0.743,25.5,715,0,0,0,1.8,0
CLI_000104,1137,617.91,4,18,85,0.879,28.4,1852,14,0,0,6.9,0
CLI_000105,1813,1427.6,14,54,199,0.921,22.5,1798,8,0,2,8.2,0
CLI_000106,30,606.36,5,22,82,0.775,27.3,724,3,0,0,8.6,0
CLI_000107,181,1224.28,14,38,171,0.539,27.7,829,9,0,1,8.3,0
CLI_000108,1098,4752.16,36,192,679,0.779,19.0,1929,6,0,1,10.0,0
CLI_000109,1306,248.04,1,4,19,0.733,14.3,758,0,0,3,4.3,0
CLI_000110,1064,2979.73,25,124,539,0.694,23.3,2810,3,0,0,3.5,0
CLI_000111,30,2376.53,22,103,439,0.842,18.1,170,4,0,0,5.4,0
CLI_000112,118,912.99,5,25,96,0.703,32.6,4441,1,1,0,5.7,0
CLI_000113,171,342.76,3,10,45,0.828,18.6,1226,8,1,2,3.6,0
CLI_000114,191,1964.41,17,59,242,0.449,24.7,3123,3,0,0,7.9,0
CLI_000115,1046,983.47,11,52,193,0.711,23.7,3970,6,0,0,2.8,0
CLI_000116,86,2362.74,17,102,402,0.751,27.9,1188,1,2,3,8.6,0
CLI_000117,30,1854.05,19,131,449,0.934,22.6,360,4,0,3,5.4,0
CLI_000118,63,11407.72,161,720,2741,0.618,21.1,290,4,0,0,1.2,0
CLI_000119,308,1372.98,9,29,132,0.8,22.4,215,11,0,0,3.5,0
CLI_000120,57,557.23,3,14,49,0.825,23.0,748,5,1,0,6.9,0
CLI_000121,1566,2222.01,11,61,211,0.689,29.6,1206,0,0,0,8.6,0
CLI_000122,484,2328.54,20,13,140,0.297,7.2,82,15,0,2,3.6,1
CLI_000123,261,8630.57,29,151,638,0.897,32.1,368,13,1,0,6.9,0
CLI_000124,286,4723.84,67,12,204,0.223,7.7,48,26,0,0,3.8,1
CLI_000125,403,2725.49,20,91,355,0.682,16.5,640,0,0,0,4.5,0
CLI_000126,30,9728.34,189,813,3415,0.483,23.7,385,2,0,0,8.0,0
CLI_000127,375,460.78,4,23,79,0.852,28.0,1618,7,0,0,7.1,0
CLI_000128,38,866.35,10,45,185,0.612,14.9,798,0,0,0,3.4,0
CLI_000129,65,622.93,4,19,80,0.977,25.5,1284,0,0,0,6.0,0
CLI_000130,1039,1154.84,11,45,187,0.873,10.2,2298,6,1,2,0.0,0
CLI_000131,1142,371.23,5,18,79,0.652,16.4,600,2,0,0,10.0,0
CLI_000132,1603,3753.42,38,169,593,0.707,22.8,951,0,1,0,7.1,0
CLI_000133,152,1400.3,7,27,108,0.659,21.1,131,5,1,0,10.0,0
CLI_000134,41,333.14,2,6,21,0.851,20.3,4623,2,1,0,1.6,0
CLI_000135,30,562.33,7,2,42,0.339,7.9,85,5,0,2,0.6,1
CLI_000136,565,2592.92,22,97,435,0.758,19.4,859,3,0,3,3.9,0
CLI_000137,1725,4740.25,31,103,444,0.882,22.0,680,1,1,0,4.5,0
CLI_000138,1421,17966.07,83,315,1402,0.535,36.3,1530,11,0,1,6.7,0
CLI_000139,138,51582.71,331,101,1920,0.2,8.4,92,3,0,0,3.4,1
CLI_000140,2000,2911.93,13,59,207,0.626,32.6,3309,4,0,0,8.2,0
CLI_000141,1915,579.42,3,17,70,0.514,25.8,312,25,0,2,5.7,0
CLI_000142,2000,200.0,3,13,52,0.613,26.5,909,0,0,0,6.6,0
CLI_000143,73,2459.88,25,125,422,0.603,24.7,198,3,0,3,1.7,0
CLI_000144,50,709.9,7,23,100,0.952,9.5,2915,6,0,0,5.5,0
CLI_000145,80,1121.41,10,77,277,0.521,14.3,1144,0,1,0,5.4,0
CLI_000146,46,894.34,5,24,86,0.434,22.4,1312,8,0,0,3.0,0
CLI_000147,555,1537.77,13,59,210,0.861,16.7,703,2,0,0,8.2,0
CLI_000148,1093,6160.28,62,219,997,0.47,18.9,1070,3,1,2,3.9,0
CLI_000149,619,2165.93,18,6,59,0.234,7.2,61,30,0,1,6.1,1
CLI_000150,1390,1506.54,11,36,160,0.645,25.7,284,6,0,0,4.8,0
CLI_000151,194,549.49,8,37,168,0.696,24.1,9540,8,1,2,2.8,0
CLI_000152,96,263.52,2,7,29,0.904,17.9,2611,0,0,0,7.2,0
CLI_000153,1345,1033.54,9,29,117,0.728,21.2,1468,4,0,0,7.9,0
CLI_000154,99,1699.6,8,45,171,0.914,18.5,324,10,0,0,8.4,0
CLI_000155,307,13809.6,158,821,3686,0.775,17.6,2314,5,0,0,3.2,0
CLI_000156,384,2100.26,17,74,274,0.649,17.0,2454,6,1,3,4.9,0
CLI_000157,1122,5597.92,24,101,420,0.469,22.8,2542,10,0,0,7.6,0
CLI_000158,30,1018.22,14,63,255,0.804,16.2,66,0,0,2,10.0,0
CLI_000159,449,462.81,4,15,69,0.646,26.1,2093,8,0,0,8.8,0
CLI_000160,195,595.93,4,18,80,0.934,20.9,378,10,0,0,4.7,0
CLI_000161,373,785.24,6,29,110,0.778,20.8,1970,10,0,0,6.1,0
CLI_000162,188,20904.93,156,942,3534,0.512,24.8,1242,2,0,0,3.0,0
CLI_000163,110,703.03,4,1,21,0.205,6.7,25,10,0,2,5.3,1
CLI_000164,365,4742.23,40,168,687,0.973,22.3,712,6,0,0,3.3,0
CLI_000165,308,640.11,3,17,72,0.917,12.9,918,0,0,0,5.3,0
CLI_000166,2000,5278.03,75,240,952,0.971,23.3,2895,13,0,0,2.6,0
CLI_000167,84,2814.93,29,145,540,0.917,20.4,848,0,1,0,7.5,0
CLI_000168,629,1510.0,18,55,232,0.606,12.8,768,4,0,3,5.9,0
CLI_000169,2000,1725.24,8,30,110,0.481,15.0,1385,0,0,3,10.0,0
CLI_000170,30,851.5,5,23,92,0.561,19.1,2996,7,1,0,3.7,0
CLI_000171,125,3019.91,17,51,202,0.617,19.2,806,5,0,1,5.7,0
CLI_000172,474,1071.45,15,63,277,0.526,21.2,571,2,1,0,8.1,0
CLI_000173,137,441.67,3,14,60,0.688,21.3,1442,5,0,1,1.9,0
CLI_000174,86,415.87,2,8,37,0.789,26.4,858,3,0,2,10.0,0
CLI_000175,114,2204.99,12,4,38,0.248,5.6,82,30,0,0,5.5,1
CLI_000176,68,11113.93,102,447,1655,0.853,14.0,1641,4,0,0,2.1,0
CLI_000177,1311,2173.27,29,134,497,0.494,12.1,3535,8,1,0,4.3,0
CLI_000178,1627,1577.45,13,68,250,0.783,18.0,549,1,0,0,3.5,0
CLI_000179,477,2511.66,36,126,572,0.273,24.7,1723,9,1,0,10.0,0
CLI_000180,30,8118.51,62,326,1295,0.43,24.7,1677,11,0,0,9.7,0
CLI_000181,2000,2326.89,37,159,634,0.674,23.1,1460,2,1,3,6.2,0
CLI_000182,474,1127.13,18,81,299,0.755,20.6,895,0,0,0,7.6,0
CLI_000183,119,6452.56,31,112,428,0.843,21.8,734,1,0,0,7.7,0
CLI_000184,1366,2960.37,35,170,603,0.939,13.0,1754,1,0,0,7.7,0
CLI_000185,259,10573.64,116,375,1435,0.852,20.4,455,1,0,2,1.7,0
CLI_000186,240,2232.15,16,65,290,0.881,27.0,715,2,0,0,1.8,0
CLI_000187,166,442.24,3,10,45,0.709,38.2,1804,7,2,0,4.6,0
CLI_000188,30,374.88,3,16,60,0.559,21.5,917,4,0,0,4.8,0
CLI_000189,30,12071.07,62,257,1006,0.821,18.8,332,3,0,0,5.0,0
CLI_000190,116,13124.23,94,471,1701,0.931,29.3,2319,11,0,0,8.0,0
CLI_000191,295,1470.79,26,123,518,0.97,18.4,272,2,1,1,7.2,0
CLI_000192,741,1163.67,9,42,187,0.923,22.3,103,9,0,0,7.5,0
CLI_000193,191,9707.57,96,302,1107,0.852,26.6,1956,2,0,1,3.3,0
CLI_000194,266,506.18,8,27,107,0.72,18.2,444,6,0,0,6.8,0
CLI_000195,424,646.17,3,14,61,0.886,27.1,587,1,0,0,3.5,0
CLI_000196,559,3788.88,32,152,534,0.591,16.7,2009,2,0,0,3.5,0
CLI_000197,573,1148.49,9,36,156,0.729,20.7,617,1,0,0,8.2,0
CLI_000198,808,1797.42,20,80,363,0.937,25.6,1358,7,0,3,7.0,0
CLI_000199,30,1498.23,15,55,224,0.962,17.4,894,0,1,0,3.3,0
CLI_000200,89,2665.67,13,55,222,0.861,24.4,645,1,0,0,7.1,0
CLI_000201,2000,9123.46,55,219,946,0.674,24.7,439,15,0,0,6.1,0
CLI_000202,642,2006.55,16,56,246,0.814,15.7,834,8,0,0,9.2,0
CLI_000203,471,3791.55,20,81,343,0.97,23.3,4799,1,0,0,10.0,0
CLI_000204,149,200.0,3,0,12,0.41,8.7,36,9,0,2,1.0,1
CLI_000205,717,1709.53,16,70,284,0.41,3.8,1431,4,0,0,8.6,0
CLI_000206,216,685.59,8,35,126,0.81,20.4,884,0,1,0,8.6,0
CLI_000207,48,445.13,3,15,57,0.875,23.1,879,2,0,1,9.4,0
CLI_000208,88,658.61,7,33,142,0.62,21.2,2054,1,0,0,10.0,0
CLI_000209,288,1231.22,10,54,232,0.79,19.0,723,3,0,0,7.1,0
CLI_000210,30,5183.77,27,107,445,0.666,26.2,1228,7,0,3,7.3,0
CLI_000211,31,393.33,2,7,32,0.446,21.9,1888,0,1,1,3.0,0
CLI_000212,30,1872.87,18,81,274,0.549,21.5,2501,3,0,2,9.8,0
CLI_000213,1399,1036.09,4,20,72,0.651,25.6,1948,6,0,3,8.2,0
CLI_000214,34,1240.38,9,51,180,0.967,26.5,915,0,0,0,4.8,0
CLI_000215,228,5728.29,86,456,1579,0.765,26.7,2635,6,1,0,8.3,0
CLI_000216,124,3357.1,27,127,572,0.908,25.2,191,0,0,0,9.4,0
CLI_000217,256,8416.99,67,362,1310,0.534,27.6,748,0,0,0,7.6,0
CLI_000218,113,1513.71,12,46,196,0.63,23.9,4587,0,0,3,2.4,0
CLI_000219,147,812.13,5,20,88,0.822,29.2,1596,2,0,0,1.8,0
CLI_000220,56,1397.67,14,73,276,0.839,18.0,859,0,1,0,4.1,0
CLI_000221,723,2389.58,12,47,180,0.61,18.2,4946,13,0,0,7.1,0
CLI_000222,756,2215.11,9,45,205,0.439,18.3,398,0,0,0,7.8,0
CLI_000223,74,519.55,3,15,59,0.843,17.3,4728,4,0,1,1.9,0
CLI_000224,480,2006.33,12,1,214,0.904,17.3,622,0,0,0,3.3,0
CLI_000225,236,2350.69,26,109,440,0.821,15.5,1257,13,0,0,10.0,0
CLI_000226,656,32698.85,255,39,540,0.099,7.1,57,6,2,0,4.4,1
CLI_000227,1187,15652.27,124,588,1991,0.808,16.0,1751,4,0,0,7.8,0
CLI_000228,1408,677.74,9,30,135,0.592,25.8,2409,3,0,0,7.5,0
CLI_000229,441,1299.21,12,55,216,0.974,27.1,1295,3,1,0,10.0,0
CLI_000230,385,335.98,2,10,34,0.582,28.2,1504,2,0,0,7.7,0
CLI_000231,1128,916.61,6,25,103,0.88,26.2,1139,9,0,0,3.7,0
CLI_000232,467,2599.17,31,144,592,0.625,23.2,1730,3,0,2,8.0,0
CLI_000233,1958,7235.33,56,271,1150,0.643,20.3,936,17,1,0,7.5,0
CLI_000234,673,781.76,8,36,154,0.71,20.4,1678,2,1,0,3.3,0
CLI_000235,2000,852.12,6,33,121,0.847,23.6,1275,4,0,1,5.6,0
CLI_000236,1727,200.0,2,8,30,0.514,15.7,997,3,0,0,1.0,0
CLI_000237,60,1499.57,21,104,422,0.857,29.9,711,5,0,0,6.3,0
CLI_000238,85,532.84,5,1,16,0.028,5.4,297,4,2,0,1.8,1
CLI_000239,299,983.53,8,46,183,0.504,27.1,2005,1,0,0,7.4,0
CLI_000240,589,659.58,14,50,215,0.551,5.6,1168,5,1,0,1.0,0
CLI_000241,1698,1622.3,14,67,261,0.899,21.4,1245,0,0,0,7.1,0
CLI_000242,80,239.51,2,8,39,0.371,22.7,1270,7,0,0,5.4,0
CLI_000243,1714,334.59,2,8,31,0.813,24.9,1955,8,2,2,9.2,0
CLI_000244,255,20923.62,194,1046,3787,0.768,16.7,2887,3,0,0,2.2,0
CLI_000245,84,411.36,4,20,78,0.721,24.3,5322,1,0,0,4.3,0
CLI_000246,1710,512.19,4,12,46,0.541,25.0,1189,2,0,0,5.8,0
CLI_000247,1300,14949.76,95,272,1171,0.818,16.6,1703,0,1,1,9.7,0
CLI_000248,1263,51063.6,401,2532,9101,0.677,25.1,1720,0,0,2,10.0,0
CLI_000249,1466,469.98,2,7,32,0.619,15.1,661,5,0,1,4.0,0
CLI_000250,30,1183.83,13,52,200,0.701,24.7,93,5,2,1,3.6,0
CLI_000251,201,2677.9,25,102,373,0.761,27.2,650,3,0,2,7.4,0
CLI_000252,290,13200.4,138,728,3093,0.845,23.9,1551,4,0,0,7.2,0
CLI_000253,335,581.21,6,30,118,0.553,16.7,2573,2,1,0,6.9,0
CLI_000254,55,1363.66,13,69,259,0.703,18.1,727,8,0,0,2.6,0
CLI_000255,1269,4420.19,50,207,758,0.407,30.7,3743,1,0,0,7.1,0
CLI_000256,1013,2980.9,17,73,254,0.649,13.9,501,0,0,1,6.3,0
CLI_000257,30,1173.12,12,44,199,0.82,23.8,1359,0,0,0,7.7,0
CLI_000258,1967,1550.14,10,2,38,0.3,4.0,88,24,0,0,2.3,1
CLI_000259,128,371.99,4,24,86,0.612,25.2,547,7,1,0,10.0,0
CLI_000260,1751,1374.85,13,65,272,0.879,32.9,3073,1,1,0,7.0,0
CLI_000261,1860,1330.96,10,45,161,0.93,22.9,448,4,0,0,5.8,0
CLI_000262,1601,2361.37,15,74,299,0.511,15.1,1455,0,0,0,4.6,0
CLI_000263,30,954.68,5,20,86,0.613,22.3,189,4,0,0,6.7,0
CLI_000264,154,3109.66,16,85,358,0.772,21.5,933,3,0,0,6.4,0
CLI_000265,1306,5794.26,34,175,730,0.603,22.3,295,2,0,0,6.7,0
CLI_000266,2000,2161.9,21,94,324,0.57,28.2,1738,0,0,0,7.1,0
CLI_000267,1322,2709.5,24,96,376,0.804,16.2,855,3,0,2,0.3,0
CLI_000268,100,1922.01,19,93,362,0.942,24.3,397,7,1,0,8.9,0
CLI_000269,1374,1808.22,19,8,83,0.342,9.0,105,15,1,1,6.7,1
CLI_000270,72,788.56,9,4,33,0.1,4.3,165,4,1,0,0.4,1
CLI_000271,72,2601.83,39,126,504,0.841,21.4,5552,7,0,0,6.1,0
CLI_000272,120,1616.66,14,10,71,0.466,5.0,46,16,1,0,1.3,1
CLI_000273,169,20073.25,280,1593,5966,0.764,21.5,753,8,0,1,4.4,0
CLI_000274,465,11040.86,65,0,983,0.843,17.9,1713,2,0,0,7.1,0
CLI_000275,94,2817.83,24,102,351,0.384,12.1,1198,4,0,0,5.8,0
CLI_000276,1695,751.81,5,23,85,0.749,14.7,943,4,0,2,3.6,0
CLI_000277,89,503.07,6,25,114,0.709,23.7,976,0,0,0,8.0,0
CLI_000278,1127,7113.96,67,273,1129,0.589,23.3,32,0,0,0,2.6,0
CLI_000279,638,2445.88,24,133,469,0.796,28.3,309,7,0,0,5.8,0
CLI_000280,62,3140.59,29,17,120,0.073,5.4,95,0,1,0,2.9,1
CLI_000281,105,243.16,2,10,45,0.563,6.9,1385,3,1,0,6.6,0
CLI_000282,114,5253.0,32,190,660,0.906,19.4,4505,22,0,0,8.7,0
CLI_000283,59,3049.04,21,83,307,0.72,21.5,970,1,0,0,10.0,0
CLI_000284,519,504.22,5,18,74,0.755,19.4,2744,0,0,0,4.2,0
CLI_000285,1334,1051.26,7,37,133,0.599,18.9,200,5,0,0,9.1,0
CLI_000286,30,2448.61,25,25,210,0.621,7.7,451,30,1,0,7.8,1
CLI_000287,30,1920.49,13,39,142,0.882,15.3,3223,7,0,2,0.6,0
CLI_000288,59,1292.07,7,43,155,0.978,27.6,1701,1,0,0,7.3,0
CLI_000289,30,1605.18,27,153,562,0.677,25.4,712,0,0,2,5.2,0
CLI_000290,1702,1353.2,12,47,190,0.425,19.4,1580,10,0,3,0.8,0
CLI_000291,837,2154.79,14,2,53,0.024,3.1,445,16,0,0,4.0,1
CLI_000292,741,9820.39,76,336,1393,0.917,29.3,1247,2,0,0,3.8,0
CLI_000293,1137,200.0,2,7,30,0.71,12.1,1874,2,1,0,2.6,0
CLI_000294,1374,1376.94,14,63,274,0.688,24.2,1499,3,0,0,4.8,0
CLI_000295,871,2214.96,39,208,705,0.801,20.5,188,2,1,0,7.7,0
CLI_000296,499,2541.2,28,116,484,0.702,20.6,1929,3,0,3,7.4,0
CLI_000297,1385,1178.85,13,48,219,0.859,21.8,185,0,0,0,9.7,0
CLI_000298,912,239.79,2,8,30,0.723,12.1,979,0,1,0,4.7,0
CLI_000299,108,2636.47,34,157,647,0.339,20.9,2820,17,1,3,9.1,0
CLI_000300,41,13179.96,62,221,854,0.695,19.3,1958,0,0,0,7.8,0
CLI_000301,199,309.84,1,5,19,0.757,18.6,560,0,0,3,8.0,0
CLI_000302,385,4882.45,47,204,803,0.891,26.2,1049,6,0,0,7.0,0
CLI_000303,203,1239.17,22,88,403,0.868,13.6,4238,0,1,2,7.1,0
CLI_000304,100,1684.93,18,110,387,0.919,20.9,2638,0,0,0,3.7,0
CLI_000305,160,538.7,7,35,139,0.383,23.3,3153,0,1,2,4.2,0
CLI_000306,30,1230.75,18,79,352,0.683,19.6,631,0,1,2,9.5,0
CLI_000307,299,8063.08,59,301,1129,0.617,27.1,642,8,0,0,3.2,0
CLI_000308,1737,3533.53,38,163,614,0.72,26.5,5220,0,0,0,5.9,0
CLI_000309,224,13255.37,218,1050,4336,0.784,15.9,340,2,0,1,2.9,0
CLI_000310,130,7002.51,48,273,958,0.893,26.7,693,11,1,1,4.4,0
CLI_000311,1388,2995.75,25,126,3,0.219,14.8,1224,1,0,1,6.5,0
CLI_000312,30,13433.74,96,529,2035,0.887,32.3,1747,16,0,0,5.3,0
CLI_000313,384,2995.43,20,115,419,0.882,22.6,966,3,0,0,6.2,0
CLI_000314,645,4685.31,76,388,1675,0.781,34.7,2109,1,0,1,0.1,0
CLI_000315,1723,1285.55,10,46,163,0.802,20.4,658,0,0,0,8.5,0
CLI_000316,144,1951.84,21,77,343,0.806,26.8,2211,24,0,0,9.2,0
CLI_000317,1807,810.75,6,27,115,0.563,16.8,2624,0,0,1,6.7,0
CLI_000318,77,5642.16,77,343,1253,0.359,29.1,381,5,0,0,6.6,0
CLI_000319,64,466.36,3,15,51,0.594,20.1,604,1,0,0,3.4,0
CLI_000320,222,4445.75,46,193,780,0.888,24.0,1121,2,0,0,5.3,0
CLI_000321,1419,1452.08,7,27,111,0.561,23.3,388,12,0,0,4.2,0
CLI_000322,595,6953.04,37,190,679,0.648,18.8,2437,11,0,0,5.5,0
CLI_000323,1977,4287.67,33,180,705,0.906,23.5,545,3,0,2,7.6,0
CLI_000324,1747,14672.69,144,475,1938,0.586,26.3,750,29,0,0,4.3,0
CLI_000325,1545,4189.73,66,274,1163,0.841,27.2,1175,1,0,2,5.4,0
CLI_000326,729,296.53,2,10,43,0.605,23.7,2815,0,0,0,5.6,0
CLI_000327,438,1674.05,12,77,259,0.79,17.5,2177,0,0,0,7.4,0
CLI_000328,247,469.75,3,13,47,0.688,22.1,1697,12,1,0,3.3,0
CLI_000329,90,996.23,9,45,167,0.715,20.7,3207,11,1,0,6.7,0
CLI_000330,34,10279.56,57,210,705,0.801,10.9,273,1,0,2,5.2,0
CLI_000331,319,3763.72,52,291,1002,0.966,32.5,1346,1,0,0,6.0,0
CLI_000332,1191,809.35,6,26,96,0.627,24.2,5078,0,0,0,0.0,0
CLI_000333,120,563.53,7,26,90,0.575,19.9,1189,0,0,0,7.1,0
CLI_000334,1248,1877.51,12,48,203,0.789,28.4,6034,4,1,3,5.4,0
CLI_000335,30,446.28,3,10,38,0.826,33.9,380,11,0,0,3.0,0
CLI_000336,131,835.63,9,37,132,0.659,27.8,2292,1,0,0,7.3,0
CLI_000337,147,2588.44,25,91,399,0.755,20.9,756,0,0,1,5.7,0
CLI_000338,2000,6826.78,54,11,118,0.754,7.2,496,30,0,0,3.6,1
CLI_000339,30,3641.23,16,65,243,0.451,24.7,9639,3,0,0,9.7,0
CLI_000340,2000,200.0,2,8,37,0.726,24.5,1763,4,0,1,3.8,0
CLI_000341,411,2565.79,20,81,341,0.693,25.8,779,0,0,0,10.0,0
CLI_000342,200,1964.2,27,108,488,0.75,20.7,804,4,0,2,6.8,0
CLI_000343,164,2910.19,30,111,457,0.556,21.7,2052,0,0,1,1.5,0
CLI_000344,1326,11598.62,83,410,1808,0.539,29.0,3053,23,0,0,7.1,0
CLI_000345,155,200.0,1,3,15,0.577,14.9,796,1,0,0,10.0,0
CLI_000346,886,916.2,5,23,100,0.832,18.5,1696,7,1,0,4.8,0
CLI_000347,356,3567.22,22,110,407,0.636,21.9,869,0,0,0,4.7,0
CLI_000348,75,293.29,4,18,80,0.843,21.0,344,9,0,1,7.6,0
CLI_000349,209,9870.85,92,267,1214,0.779,22.5,2754,0,0,0,6.4,0
CLI_000350,230,2761.72,22,108,444,0.615,25.5,3770,21,0,0,7.4,0
CLI_000351,1966,4786.58,88,377,1525,0.766,22.9,1692,15,1,0,6.8,0
CLI_000352,159,937.69,10,47,186,0.812,24.7,976,7,0,0,5.8,0
CLI_000353,56,4609.29,41,190,730,0.38,27.2,918,4,0,0,6.5,0
CLI_000354,86,6177.95,35,128,583,0.779,19.5,190,8,0,3,4.1,0
CLI_000355,30,2363.29,26,125,512,0.87,16.5,1164,3,0,0,10.0,0
CLI_000356,1539,2367.43,38,134,514,0.578,29.1,575,6,0,0,10.0,0
CLI_000357,2000,2467.34,14,56,196,0.468,22.0,3194,0,0,0,4.4,0
CLI_000358,54,669.92,5,25,105,0.434,25.2,595,0,0,0,4.3,0
CLI_000359,30,1525.9,10,38,136,0.634,28.3,525,2,0,0,6.5,0
CLI_000360,1107,1517.17,11,39,153,0.524,18.1,1681,2,0,3,9.5,0
CLI_000361,130,2809.9,18,76,257,0.652,24.2,2197,0,1,0,8.2,0
CLI_000362,1303,5708.99,23,125,452,0.324,20.1,642,3,0,1,10.0,0
CLI_000363,1500,535.22,4,1,9,0.291,6.9,28,6,1,0,7.3,1
CLI_000364,1788,1565.94,13,13,226,0.791,22.5,131,1,2,2,10.0,0
CLI_000365,331,9933.56,74,375,1492,0.889,21.0,1122,5,0,3,10.0,0
CLI_000366,690,768.83,8,50,171,0.944,16.1,344,5,0,0,0.2,0
CLI_000367,739,702.34,8,26,103,0.497,24.2,2348,0,0,0,6.9,0
CLI_000368,619,2281.65,17,112,390,0.888,14.1,270,1,0,0,4.1,0
CLI_000369,391,4774.49,62,277,945,0.756,27.2,1953,1,0,0,5.1,0
CLI_000370,544,1831.96,38,173,646,0.859,21.1,171,6,0,0,3.1,0
CLI_000371,230,8335.72,85,316,1332,0.521,18.1,350,0,0,0,3.2,0
CLI_000372,30,4843.11,22,105,436,0.923,21.4,904,0,1,3,5.1,0
CLI_000373,777,4760.43,48,251,994,0.974,21.2,919,3,0,0,5.7,0
CLI_000374,230,3419.45,29,179,626,0.68,20.7,609,2,1,0,3.4,0
CLI_000375,592,26286.24,144,601,2213,0.52,14.0,1554,7,1,1,5.4,0
CLI_000376,30,1428.05,15,100,340,0.858,25.8,14345,4,1,1,10.0,0
CLI_000377,30,200.0,2,9,34,0.678,21.9,1870,0,0,0,4.3,0
CLI_000378,81,11440.24,68,308,1207,0.935,23.6,1716,0,1,0,5.1,0
CLI_000379,215,1068.11,8,31,112,0.936,21.6,437,1,0,0,3.9,0
CLI_000380,62,2046.86,14,53,237,0.561,19.7,1769,2,0,0,3.7,0
CLI_000381,289,8151.71,78,430,1897,0.671,14.0,222,8,0,0,8.2,0
CLI_000382,870,286.4,4,17,61,0.804,22.2,1078,0,0,0,6.1,0
CLI_000383,209,428.63,3,13,54,0.502,22.1,4499,3,0,3,5.0,0
CLI_000384,1041,286.73,4,16,69,0.666,16.4,940,7,0,0,4.6,0
CLI_000385,30,725.41,5,30,106,0.662,28.7,1419,1,2,0,6.6,0
CLI_000386,70,2997.64,21,86,386,0.54,14.8,2796,2,1,0,0.4,0
CLI_000387,668,3303.76,16,88,308,0.543,23.3,5880,1,0,0,9.7,0
CLI_000388,30,2484.22,22,134,468,0.81,23.5,2689,1,0,2,9.0,0
CLI_000389,778,356.14,1,4,17,0.694,27.4,1490,1,0,0,2.8,0
CLI_000390,30,200.0,2,9,34,0.859,24.7,860,1,0,0,10.0,0
CLI_000391,903,1924.66,40,180,656,0.672,27.0,452,1,0,0,5.0,0
CLI_000392,193,1050.96,16,61,225,0.669,25.7,868,3,1,0,5.9,0
CLI_000393,475,3066.5,34,154,655,0.71,21.7,48,15,0,0,4.8,0
CLI_000394,1311,4053.14,58,26,186,0.292,7.2,22,21,0,0,8.7,1
CLI_000395,230,2119.59,15,65,267,0.602,22.9,981,1,0,0,4.9,0
CLI_000396,30,4333.6,43,265,1091,0.614,32.7,770,4,0,1,10.0,0
CLI_000397,119,2353.35,22,113,430,0.83,19.8,701,5,1,0,3.6,0
CLI_000398,64,3326.16,17,51,229,0.722,18.9,1657,4,0,2,2.7,0
CLI_000399,30,804.02,9,36,149,0.593,21.9,304,9,0,1,6.5,0
CLI_000400,103,1470.63,11,60,244,0.793,14.3,1945,5,0,1,6.7,0
CLI_000401,897,2267.18,11,54,212,0.825,20.2,476,8,0,0,0.1,0
CLI_000402,87,4645.28,71,333,1118,0.781,16.8,4520,11,0,0,6.6,0
CLI_000403,330,1149.63,14,72,266,0.888,18.1,542,15,0,2,2.6,0
CLI_000404,371,3292.3,35,167,693,0.832,23.8,1369,2,0,0,8.3,0
CLI_000405,167,1331.8,12,49,207,0.874,29.8,604,2,0,0,6.7,0
CLI_000406,391,1579.44,13,62,246,0.775,15.5,685,3,1,0,10.0,0
CLI_000407,1446,4693.56,25,114,453,0.899,32.7,398,0,0,0,4.2,0
CLI_000408,30,200.0,2,6,26,0.468,22.4,1429,0,0,0,8.2,0
CLI_000409,74,407.1,5,20,70,0.693,26.0,941,9,1,0,9.3,0
CLI_000410,247,328.81,3,14,60,0.522,24.1,1527,0,0,0,7.5,0
CLI_000411,44,200.0,2,6,26,0.376,18.9,1904,4,0,0,5.8,0
CLI_000412,1020,828.81,10,39,153,0.37,27.3,562,0,1,1,4.3,0
CLI_000413,858,4280.6,37,199,851,0.692,24.2,317,0,0,0,2.0,0
CLI_000414,101,1302.95,16,3,46,0.663,4.6,109,17,0,0,8.9,1
CLI_000415,130,2269.83,13,52,236,0.719,21.5,1973,3,0,0,7.4,0
CLI_000416,424,6327.12,104,466,1988,0.821,26.7,1618,2,0,0,6.6,0
CLI_000417,518,8323.51,65,223,964,0.632,25.4,1138,3,0,3,7.3,0
CLI_000418,235,1669.85,16,87,305,0.383,27.7,2201,2,0,0,3.4,0
CLI_000419,1710,8575.15,53,162,721,0.876,30.0,3429,0,0,3,2.6,0
CLI_000420,41,2010.11,15,72,281,0.763,30.5,401,3,0,2,5.4,0
CLI_000421,81,690.21,4,0,13,0.616,7.2,1332,0,0,0,3.5,1
CLI_000422,391,912.73,7,1,27,0.654,4.4,211,2,0,0,4.0,1
CLI_000423,30,329.44,2,1,15,0.2,6.3,265,8,0,1,9.6,1
CLI_000424,399,651.09,6,24,107,0.895,32.4,343,0,2,0,8.6,0
CLI_000425,102,1197.85,6,30,103,0.681,32.1,3104,3,0,1,9.7,0
CLI_000426,562,4555.65,35,191,764,0.218,29.5,461,7,1,0,9.2,0
CLI_000427,211,13080.6,87,410,1404,0.794,20.2,2364,3,1,0,5.7,0
CLI_000428,199,368.89,4,1,15,0.083,6.3,399,17,0,0,7.3,1
CLI_000429,1447,2840.55,33,115,483,0.661,20.1,356,1,0,0,5.1,0
CLI_000430,1517,546.41,6,28,94,0.79,21.7,2343,0,0,0,6.0,0
CLI_000431,2000,3120.98,36,111,496,0.236,13.5,421,3,1,0,4.8,0
CLI_000432,30,1555.03,6,24,106,0.675,21.6,625,2,0,0,6.4,0
CLI_000433,158,220.18,2,8,33,0.415,22.5,7415,0,0,0,10.0,0
CLI_000434,319,5258.19,24,6,111,0.545,10.3,151,20,0,3,3.0,1
CLI_000435,69,901.67,6,30,105,0.959,20.4,1461,1,0,0,9.5,0
CLI_000436,1225,978.49,9,28,118,0.708,27.6,1575,0,0,0,4.4,0
CLI_000437,30,528.36,3,12,56,0.643,20.0,1400,8,0,0,6.9,0
CLI_000438,252,851.99,10,44,182,0.628,17.5,1206,17,0,0,3.8,0
CLI_000439,1598,2957.42,16,60,254,0.577,26.2,1495,11,0,0,3.5,0
CLI_000440,1671,1454.43,8,36,123,0.581,28.1,1443,4,0,0,8.7,0
CLI_000441,44,2638.49,14,57,197,0.926,20.2,674,14,1,0,5.1,0
CLI_000442,644,2741.36,24,99,333,0.812,24.5,2458,3,0,0,5.7,0
CLI_000443,30,8256.54,96,465,1644,0.776,9.1,773,2,0,0,7.5,0
CLI_000444,690,1219.01,12,36,155,0.526,20.4,452,2,0,0,6.4,0
CLI_000445,1669,330.83,2,6,25,0.885,18.4,1163,1,1,0,1.6,0
CLI_000446,30,6169.08,31,163,737,0.864,24.6,1127,12,0,0,7.4,0
CLI_000447,78,1234.95,10,49,168,0.741,24.7,920,14,1,0,9.5,0
CLI_000448,1231,6514.47,136,64,1151,0.082,8.7,27,2,1,0,8.4,1
CLI_000449,1934,2809.84,31,167,615,0.813,22.3,361,1,0,1,4.3,0
CLI_000450,420,1554.94,26,32,225,0.281,7.7,154,30,2,0,3.2,1
CLI_000451,465,2700.23,31,214,730,0.603,30.7,2104,0,0,2,5.4,0
CLI_000452,235,17045.89,95,439,1858,0.578,17.2,466,4,0,0,5.9,0
CLI_000453,1482,19703.03,303,1658,5989,0.596,28.9,653,7,0,0,6.5,0
CLI_000454,52,1958.21,20,107,475,0.448,27.3,840,2,0,0,9.0,0
CLI_000455,656,2173.77,9,55,190,0.577,9.8,991,2,1,0,5.9,0
CLI_000456,277,6233.39,85,288,1218,0.693,19.4,3039,5,0,0,3.5,0
CLI_000457,30,683.68,4,19,79,0.403,12.2,2734,0,0,0,6.7,0
CLI_000458,1307,2651.9,28,118,495,0.764,32.4,1042,1,0,0,6.6,0
CLI_000459,30,1755.06,18,62,270,0.748,23.5,4117,1,1,0,9.7,0
CLI_000460,118,2594.1,32,152,658,0.716,19.0,819,2,1,1,7.9,0
CLI_000461,2000,693.41,8,38,144,0.663,22.5,724,5,0,0,7.6,0
CLI_000462,37,290.61,6,29,114,0.721,20.6,1814,7,0,0,6.0,0
CLI_000463,65,200.0,1,4,16,0.75,11.3,1232,5,0,0,1.9,0
CLI_000464,1738,500.2,4,28,106,0.807,31.8,1839,0,0,0,7.7,0
CLI_000465,368,1066.91,10,44,148,0.141,19.6,2640,3,0,1,7.1,0
CLI_000466,2000,1290.56,12,62,238,0.725,20.0,3459,1,0,2,4.8,0
CLI_000467,1744,16777.87,184,775,3242,0.285,24.4,1153,4,1,3,6.3,0
CLI_000468,1197,6450.37,61,267,989,0.454,25.2,589,10,1,3,3.5,0
CLI_000469,448,598.0,4,20,70,0.829,22.7,549,0,0,3,4.9,0
CLI_000470,30,2696.92,23,130,463,0.951,30.0,661,20,1,3,8.6,0
CLI_000471,30,1132.13,8,34,117,0.808,32.1,4121,6,3,2,7.4,0
CLI_000472,993,1303.73,12,69,299,0.738,27.5,896,1,0,0,3.2,0
CLI_000473,162,2237.52,23,102,375,0.871,31.4,802,17,0,1,7.3,0
CLI_000474,1658,3685.08,25,88,338,0.869,18.9,337,2,1,0,7.4,0
CLI_000475,471,1223.97,11,60,239,0.635,30.0,1689,0,0,0,5.0,0
CLI_000476,2000,6145.22,64,388,1325,0.889,19.1,2718,3,0,0,5.3,0
CLI_000477,594,486.27,5,15,68,0.583,23.9,1340,10,0,0,4.6,0
CLI_000478,30,1821.27,50,245,1052,0.577,17.7,652,0,0,0,3.8,0
CLI_000479,117,35858.1,329,1481,5639,0.568,22.5,3348,4,0,1,8.3,0
CLI_000480,206,2336.81,14,66,256,0.761,31.0,3454,4,0,0,2.3,0
CLI_000481,566,9397.48,90,303,1367,0.682,24.7,1791,0,1,0,6.1,0
CLI_000482,440,2008.71,22,103,438,0.728,25.3,983,1,0,0,5.4,0
CLI_000483,30,3525.91,37,109,488,0.899,25.4,233,0,0,0,5.2,0
CLI_000484,196,1693.75,14,0,7,0.36,5.9,512,14,2,3,7.1,1
CLI_000485,30,1486.28,12,68,246,0.635,24.3,518,14,2,0,2.2,0
CLI_000486,875,737.74,6,27,111,0.894,23.7,3476,5,1,0,6.3,0
CLI_000487,99,2965.64,24,62,247,0.772,18.2,819,10,2,0,3.9,0
CLI_000488,1603,679.08,4,20,72,0.778,26.4,1051,3,0,3,6.3,0
CLI_000489,506,3887.12,31,112,450,0.876,24.8,536,4,0,2,8.2,0
CLI_000490,469,6298.58,37,140,621,0.63,23.7,2308,9,0,0,4.5,0
CLI_000491,368,2755.93,26,120,474,0.838,25.4,1335,5,1,3,8.6,0
CLI_000492,78,1300.9,12,73,291,0.749,18.3,701,2,0,0,7.6,0
CLI_000493,31,3047.45,16,61,268,0.549,16.4,387,9,0,0,6.9,0
CLI_000494,302,1267.78,11,52,183,0.696,24.1,431,10,0,1,5.4,0
CLI_000495,79,5302.21,30,162,584,0.793,16.4,5621,2,0,1,6.5,0
CLI_000496,30,220.06,2,8,37,0.743,25.2,10228,2,0,0,9.6,0
CLI_000497,660,1229.12,7,36,132,0.821,19.4,897,11,0,3,5.9,0
CLI_000498,352,200.0,2,10,41,0.671,26.1,257,6,1,0,4.5,0
CLI_000499,78,323.98,3,14,57,0.569,16.7,1356,25,2,0,2.6,0
