order_id,payment_sequential,payment_type,payment_installments,payment_value,order_purchase_timestamp,customer_state,faixa_valor,estrato,hour_of_day,day_of_week,day_of_month
a42e0d143aa73cfc5268d6756f36e7cf,1,boleto,1,24.09,2018-01-08 20:49:43,PR,Q1,boleto|Q1,20,0,8
f216085102c6b913fcbf7f5bcadcb454,1,boleto,1,30.95,2017-03-01 22:43:47,SP,Q1,boleto|Q1,22,2,1
8b3e71403c430eeafc548cd871850674,1,boleto,1,31.0,2017-12-06 13:40:17,MG,Q1,boleto|Q1,13,2,6
22fc44f6f4d13ad1c7a07054e0b42e24,1,boleto,1,33.75,2017-07-24 21:44:14,SP,Q1,boleto|Q1,21,0,24
3c53e9578b571a4df6397b338ae76ae2,1,boleto,1,35.38,2018-06-06 12:17:06,SP,Q1,boleto|Q1,12,2,6
df339f81c46dc0bf186cb6307d7cdb6a,1,boleto,1,35.4,2017-12-22 16:23:48,PR,Q1,boleto|Q1,16,4,22
daa4b4ce7bfba46a0325467bc139ee66,1,boleto,1,39.03,2018-04-23 18:09:44,PE,Q1,boleto|Q1,18,0,23
19419b6180c4c7b9f57c1753cef7b41f,1,boleto,1,41.97,2018-07-19 11:38:46,RJ,Q1,boleto|Q1,11,3,19
1a9324555dd1b3d5bfde1ebbe9f765b2,1,boleto,1,43.0,2017-10-02 17:14:23,SP,Q1,boleto|Q1,17,0,2
319bc0c166b503154f66246b54a1751c,1,boleto,1,43.95,2017-05-05 10:12:43,PR,Q1,boleto|Q1,10,4,5
fa464e66c13ab4ea69b7fb3c7888ea0c,1,boleto,1,45.0,2017-12-04 16:10:46,RJ,Q1,boleto|Q1,16,0,4
da32fa81177a5a6ac35177b05714742d,1,boleto,1,46.69,2017-06-12 21:48:33,MG,Q1,boleto|Q1,21,0,12
099be5827a2f9692b1c1ad111affc9d1,1,boleto,1,46.78,2017-09-06 19:58:48,SP,Q1,boleto|Q1,19,2,6
9690a873af5482db61b7058fa595dd66,1,boleto,1,49.4,2018-01-16 04:58:18,RS,Q1,boleto|Q1,4,1,16
525c195315397b46cc4a8b1727d1d426,1,boleto,1,55.91,2017-12-15 08:44:39,SP,Q1,boleto|Q1,8,4,15
7da1331ba1360722203a1815d5e80844,1,boleto,1,59.22,2018-05-24 14:28:00,MG,Q2,boleto|Q2,14,3,24
e6e3ea418f0f343e88a3dc62eaf24699,1,boleto,1,60.88,2018-03-12 21:31:18,SP,Q2,boleto|Q2,21,0,12
cb2fbc8c6e48dc4954fc8cb1034900f0,1,boleto,1,62.83,2017-03-08 19:27:48,SP,Q2,boleto|Q2,19,2,8
1bce4e7b57b2796a7e726aeebb967a32,1,boleto,1,67.5,2017-12-06 12:41:52,SP,Q2,boleto|Q2,12,2,6
2bed7602716232f428dd9a52fb9bd809,1,boleto,1,72.14,2017-12-12 23:16:29,SC,Q2,boleto|Q2,23,1,12
31e94b867c30c7627862d2311ec5e9b7,1,boleto,1,72.66,2017-07-13 11:01:28,PR,Q2,boleto|Q2,11,3,13
7113e8344293a6a03453110d67c7f533,1,boleto,1,72.76,2018-04-25 12:08:11,SP,Q2,boleto|Q2,12,2,25
563c431a361a75cff783684f644d7601,1,boleto,1,73.69,2017-11-16 13:55:14,MT,Q2,boleto|Q2,13,3,16
e787cf3437f6f847e25838682a4696a6,1,boleto,1,73.91,2018-02-16 13:41:51,RJ,Q2,boleto|Q2,13,4,16
1ff6183537eb3a189de77b309ed28ad1,1,boleto,1,84.23,2018-01-02 17:31:02,RJ,Q2,boleto|Q2,17,1,2
f85b47957bb21d303dabed9052490610,1,boleto,1,86.68,2018-06-26 22:03:29,RS,Q2,boleto|Q2,22,1,26
a3b53b3e29cbb1eae203156848b4407f,1,boleto,1,88.75,2018-06-04 14:42:08,SP,Q2,boleto|Q2,14,0,4
0b83b48cff92afd5eb4360860cad0ff1,1,boleto,1,90.84,2017-02-15 15:27:15,PE,Q2,boleto|Q2,15,2,15
47f545499e9ca5a70d3ec65e4e70adfd,1,boleto,1,93.82,2018-04-07 18:25:28,SP,Q2,boleto|Q2,18,5,7
274a1c50ff2991f27b21bd8465c43882,1,boleto,1,96.31,2017-12-16 16:42:20,MS,Q2,boleto|Q2,16,5,16
8e3b10ce93deae6a8e8739b7a41b86d5,1,boleto,1,110.09,2018-03-12 13:44:17,MS,Q3,boleto|Q3,13,0,12
242bbe951cccc62e01cb9aa3840bbd14,1,boleto,1,111.25,2017-05-14 18:36:50,SP,Q3,boleto|Q3,18,6,14
04b7151492b049661380a47e0449f9b6,1,boleto,1,111.79,2018-07-02 20:06:25,PR,Q3,boleto|Q3,20,0,2
830c7606efcb798e1bacdc56247dc134,1,boleto,1,117.79,2018-08-09 13:35:56,SP,Q3,boleto|Q3,13,3,9
30a3bac324f40459c6d1a739bc811506,1,boleto,1,117.93,2017-10-17 08:28:00,MG,Q3,boleto|Q3,8,1,17
be624b5788e2a4d4dfb9414c378c20c6,1,boleto,1,121.17,2018-03-12 10:59:12,MG,Q3,boleto|Q3,10,0,12
09d6c2dd8c08336a2cbd1c449a2ef158,1,boleto,1,127.43,2018-02-03 19:36:29,ES,Q3,boleto|Q3,19,5,3
7977a7516e5cf6cf6bf670061c886126,1,boleto,1,129.04,2017-10-27 10:39:14,SP,Q3,boleto|Q3,10,4,27
a3f9e137835e6b213ac38b80947c3b90,1,boleto,1,131.87,2018-01-07 17:21:29,ES,Q3,boleto|Q3,17,6,7
82da1fe1ba79ad376673815007b99ddf,1,boleto,1,136.64,2017-08-20 14:46:46,SP,Q3,boleto|Q3,14,6,20
75782ab140cfc2ce9f07f0b6390e32c2,1,boleto,1,138.14,2018-02-16 15:19:06,SP,Q3,boleto|Q3,15,4,16
99858c2ee75228a1cd8afbdaa5e37b7f,1,boleto,1,138.92,2018-04-13 09:50:29,SP,Q3,boleto|Q3,9,4,13
7af70833de99c5d7aaa2e6b76f1cb21c,1,boleto,1,141.96,2018-06-12 14:29:38,RS,Q3,boleto|Q3,14,1,12
275aba34a453b017029d48d8ffb43dd2,1,boleto,1,166.21,2017-04-06 15:10:29,RJ,Q3,boleto|Q3,15,3,6
171b95be9dfea0748f5bb8f017882f8f,1,boleto,1,180.33,2018-08-14 08:42:14,SP,Q4,boleto|Q4,8,1,14
44c0292da2b6567285d4d06b0ac1a676,1,boleto,1,181.69,2017-11-14 09:11:30,PR,Q4,boleto|Q4,9,1,14
11a712e608d2c5d35b89246489db966d,1,boleto,1,187.57,2017-12-28 20:21:15,RJ,Q4,boleto|Q4,20,3,28
28553df1da816f76ae87bb32739cd4b5,1,boleto,1,200.48,2018-01-31 23:38:14,SC,Q4,boleto|Q4,23,2,31
6366ce592c90a36450778259cb163cc5,1,boleto,1,208.42,2018-08-02 15:58:56,PR,Q4,boleto|Q4,15,3,2
ca37d18bde9cdb0ba2b129d3ecabfd04,1,boleto,1,224.94,2017-10-18 08:44:48,GO,Q4,boleto|Q4,8,2,18
356108ac93685d12f65fe827e25bb138,1,boleto,1,251.29,2017-12-13 17:12:42,MG,Q4,boleto|Q4,17,2,13
728416b0db65935dbf78a0cc03e8d6f8,1,boleto,1,270.0,2018-02-06 16:10:09,RS,Q4,boleto|Q4,16,1,6
b882b5c0534fa68c690e739dd788512a,1,boleto,1,320.28,2017-08-29 23:29:43,SC,Q4,boleto|Q4,23,1,29
02504308041b6ad0a112b2b7159439ed,1,boleto,1,399.58,2018-03-09 10:11:51,CE,Q4,boleto|Q4,10,4,9
6440501490dabcc13bc292e417ca410c,1,boleto,1,550.83,2018-07-13 11:23:14,PA,Q4,boleto|Q4,11,4,13
e437a323d90b04581fd8418d4afcce4f,1,boleto,1,723.2,2017-09-11 12:19:02,SP,Q4,boleto|Q4,12,0,11
70b9b8ed11b0ec066d1068325baff277,1,boleto,1,818.69,2018-05-13 14:23:30,RJ,Q4,boleto|Q4,14,6,13
0a558295652f98bafe12e259c4d3fa26,1,credit_card,1,0.99,2018-03-06 16:06:20,RJ,Q1,credit_card|Q1,16,1,6
1e54e64066c85e4c0b929c0dde6bec3b,1,credit_card,1,2.76,2018-02-01 19:56:10,PR,Q1,credit_card|Q1,19,3,1
dff1e9a517d39b940f6424c3fdfdbdea,1,credit_card,1,11.74,2017-03-15 23:25:09,SP,Q1,credit_card|Q1,23,2,15
65f72c812ba4ca1ebb3c3558c69d5693,1,credit_card,1,14.65,2017-03-06 08:02:11,SP,Q1,credit_card|Q1,8,0,6
e001ff2589d23a48871d224d2a54e187,1,credit_card,1,20.69,2018-04-30 19:26:44,SP,Q1,credit_card|Q1,19,0,30
a446e19eaf1b7ae1ac483f47c29c2d36,1,credit_card,2,25.5,2018-02-15 16:16:32,MG,Q1,credit_card|Q1,16,3,15
d860fd3dc065e22ac79622d39d28e1bc,1,credit_card,2,28.08,2018-01-08 10:22:38,RJ,Q1,credit_card|Q1,10,0,8
e88f99d9e433a6a8968b38b7dd55b080,1,credit_card,1,28.09,2018-01-19 11:05:41,MG,Q1,credit_card|Q1,11,4,19
67fa670663f748061f866f748dcef27d,1,credit_card,1,28.77,2017-10-05 19:48:11,SP,Q1,credit_card|Q1,19,3,5
e79251fae4e104ec51b1ba71a53bed1a,1,credit_card,2,29.1,2017-05-10 16:06:48,MG,Q1,credit_card|Q1,16,2,10
f5b172630b8444484feaaa1fcd33937a,1,credit_card,1,30.85,2018-01-04 05:39:58,SP,Q1,credit_card|Q1,5,3,4
01c156f67900e1f33d1234ce92cb18d9,1,credit_card,3,31.7,2018-08-03 17:40:27,RS,Q1,credit_card|Q1,17,4,3
c639deb1d7acde15275d18404daa749a,1,credit_card,1,31.78,2017-11-24 17:19:21,SP,Q1,credit_card|Q1,17,4,24
715c19fb47250380be905cedcd442b5a,1,credit_card,3,31.96,2018-07-03 22:21:59,GO,Q1,credit_card|Q1,22,1,3
1c3ad9cd29b642c9eca00186785aa309,1,credit_card,1,34.51,2017-03-04 00:38:50,PR,Q1,credit_card|Q1,0,5,4
21babe33a62ea8ca20539175f5f77dd2,1,credit_card,3,34.87,2018-05-12 22:58:39,SP,Q1,credit_card|Q1,22,5,12
e43e7a3a8ac3cfe7bb59dfe7de389ce1,1,credit_card,3,35.09,2017-09-20 22:14:33,MG,Q1,credit_card|Q1,22,2,20
f6bea0bde2ee012e3899233133874ff7,1,credit_card,2,35.68,2017-08-28 23:38:49,SP,Q1,credit_card|Q1,23,0,28
80083ca1275ffdba0b75eabe6fdf39d5,1,credit_card,1,35.69,2017-08-26 13:15:24,MS,Q1,credit_card|Q1,13,5,26
25ef8d6057a60c24d6ccd6fe6c5a8633,1,credit_card,3,36.13,2018-04-16 16:44:16,RS,Q1,credit_card|Q1,16,0,16
a556af28fe6f1e8804087924fdced810,1,credit_card,1,36.59,2017-08-17 18:00:20,SP,Q1,credit_card|Q1,18,3,17
f03c75c7842d1d7b641dcfa746784c85,1,credit_card,2,37.6,2018-02-18 12:03:25,RJ,Q1,credit_card|Q1,12,6,18
de5a2930a7d61f2dbf75078d7bfde0d4,1,credit_card,1,37.78,2018-02-27 09:53:16,SP,Q1,credit_card|Q1,9,1,27
661c8a36c0c5bbdddda480a9fd23bbab,1,credit_card,3,38.09,2017-11-19 15:30:16,RJ,Q1,credit_card|Q1,15,6,19
c645c38b97d82c6a042adcf18df3daf3,1,credit_card,2,39.81,2017-11-24 11:39:24,SP,Q1,credit_card|Q1,11,4,24
9b7c2d54410a0d2f6c4b658f00f0ec42,1,credit_card,4,40.92,2018-04-07 14:56:02,RJ,Q1,credit_card|Q1,14,5,7
871d475aeaf2288a225fe1ade32d1b44,1,credit_card,3,41.05,2017-09-08 14:44:39,MA,Q1,credit_card|Q1,14,4,8
eb8d44030d2f4ebce460ebce652242e2,1,credit_card,2,44.34,2018-03-02 19:39:10,SP,Q1,credit_card|Q1,19,4,2
ae0c90acc567c5caed29567429c341c4,1,credit_card,1,45.21,2018-07-29 12:48:12,DF,Q1,credit_card|Q1,12,6,29
ec5a489ff2d239e7ef65ab8a3057caf2,1,credit_card,4,46.22,2018-04-27 19:03:42,PR,Q1,credit_card|Q1,19,4,27
5b3e6244d63f344c1ec9663776e1ca97,1,credit_card,4,46.69,2018-01-18 18:20:45,PR,Q1,credit_card|Q1,18,3,18
9be3c9722389548409bf4cb39d07e347,1,credit_card,2,46.75,2017-11-17 13:12:46,SP,Q1,credit_card|Q1,13,4,17
a4c7db3bf41a4d09d2a5166346366be5,1,credit_card,1,47.29,2018-08-05 14:21:53,PR,Q1,credit_card|Q1,14,6,5
49410e2fb311cf8b70baeea98a3cdbf1,1,credit_card,4,47.32,2018-08-01 22:05:17,PA,Q1,credit_card|Q1,22,2,1
b7f9ef5debe4cc9e54333fa441e8dfd4,1,credit_card,1,48.15,2017-12-09 01:16:40,SP,Q1,credit_card|Q1,1,5,9
d1846363415db8171f834ad2c5ad25d3,1,credit_card,1,48.21,2018-06-28 22:11:00,SP,Q1,credit_card|Q1,22,3,28
fefeb61b51f4a30efa5d44a833e3a797,1,credit_card,1,48.79,2017-11-27 23:32:29,SP,Q1,credit_card|Q1,23,0,27
cf5f9668e80998cdc237f43f27857570,1,credit_card,4,48.81,2018-07-16 14:24:22,SP,Q1,credit_card|Q1,14,0,16
0a32952933d2a181dfe8f11d41f9f9b2,1,credit_card,1,49.69,2017-06-19 08:37:15,MG,Q1,credit_card|Q1,8,0,19
3891818a949d667ca119b3567b52363d,1,credit_card,1,51.17,2018-06-25 09:21:48,SC,Q1,credit_card|Q1,9,0,25
53fcc6acefb2363ea775e316c810677b,1,credit_card,1,51.85,2017-08-23 09:13:07,SP,Q1,credit_card|Q1,9,2,23
3db9b03f9f2cf3ddee0ab4b753046ace,1,credit_card,5,52.39,2018-05-07 15:37:19,SP,Q1,credit_card|Q1,15,0,7
fb1418494ba4e6ced8a7ae840dd9fbfc,1,credit_card,1,53.0,2018-07-28 18:46:45,SC,Q1,credit_card|Q1,18,5,28
9ce991aaccb4817cc0ca0b4edb5c5ff1,1,credit_card,4,53.78,2018-05-01 20:33:44,SP,Q1,credit_card|Q1,20,1,1
48d59c59c85665b1dd3b1f81d0f48016,1,credit_card,4,55.07,2017-11-12 17:31:53,RJ,Q1,credit_card|Q1,17,6,12
ef97cf414dbb8fe75a919ae7f4a642a9,1,credit_card,2,55.24,2018-01-07 21:32:45,SP,Q1,credit_card|Q1,21,6,7
9075ecab41fdbe2edaae75cfb6cb09b2,1,credit_card,1,55.92,2018-05-16 18:22:03,RJ,Q1,credit_card|Q1,18,2,16
a9a38bf05e94ce11495d6c4402730a56,1,credit_card,1,56.78,2017-09-05 18:44:23,SP,Q1,credit_card|Q1,18,1,5
12c53179c03899ca06bc5d368995a21f,1,credit_card,1,57.12,2018-03-06 20:49:47,SP,Q2,credit_card|Q2,20,1,6
e907b53c6245de45677494c2348dc8cc,1,credit_card,5,57.58,2018-06-26 22:19:28,SP,Q2,credit_card|Q2,22,1,26
7eec39760bfb41ecc9d7fd0ad9d6dd09,1,credit_card,5,57.7,2018-05-24 17:25:47,SP,Q2,credit_card|Q2,17,3,24
9256f7001c89e801855625e05c21537d,1,credit_card,1,61.0,2017-11-29 18:10:38,MG,Q2,credit_card|Q2,18,2,29
4636fbfb5ecb1733a2b2cf4c931f695c,1,credit_card,6,63.0,2017-08-23 14:12:58,RJ,Q2,credit_card|Q2,14,2,23
6baf65efe2c7c4b1641a061fa14fb621,1,credit_card,1,63.1,2017-11-03 17:25:26,MG,Q2,credit_card|Q2,17,4,3
d25091a3e5d9d4a0a83ad9413f8828d2,1,credit_card,5,63.23,2018-05-10 07:34:35,RS,Q2,credit_card|Q2,7,3,10
b7aeacfc25789063ab26dcbed69401a3,1,credit_card,1,63.27,2018-01-21 17:28:33,SP,Q2,credit_card|Q2,17,6,21
a10e6749400b3ea4a674cec3fd3a9605,1,credit_card,4,64.0,2017-07-02 00:48:03,SP,Q2,credit_card|Q2,0,6,2
0df2e7ba716c3f48ee4a3081092e2c19,1,credit_card,6,64.1,2018-02-28 16:24:51,RJ,Q2,credit_card|Q2,16,2,28
8e9fbb6ae194c4576ae39436916dcb1f,1,credit_card,2,64.14,2017-08-22 20:10:07,ES,Q2,credit_card|Q2,20,1,22
bf40c06bf172145e8d7d468e6de69de8,1,credit_card,4,64.51,2018-06-27 20:55:17,ES,Q2,credit_card|Q2,20,2,27
034fcc4584bd6b6ca0c0718acf969c79,1,credit_card,1,64.75,2017-04-05 20:10:40,SP,Q2,credit_card|Q2,20,2,5
de8f4a82099fe4fa6bcb8952ca51420f,1,credit_card,6,64.83,2016-10-10 16:00:30,MA,Q2,credit_card|Q2,16,0,10
9903b060ffcaca9244088e1f834fde2e,1,credit_card,1,65.36,2017-03-12 13:45:19,SP,Q2,credit_card|Q2,13,6,12
3233701bc7c9824c3d7d3e474cc7addc,1,credit_card,1,66.67,2017-11-24 22:06:20,RJ,Q2,credit_card|Q2,22,4,24
49123f75e5d9507cec9455b2ed989913,1,credit_card,6,67.16,2017-03-31 08:48:59,RJ,Q2,credit_card|Q2,8,4,31
797784ed0407046312c7f3c777583a0c,1,credit_card,1,67.6,2017-11-26 16:15:10,MG,Q2,credit_card|Q2,16,6,26
a9687a65efa981b3d1e10a8b437962da,1,credit_card,1,68.12,2017-11-22 09:48:14,PR,Q2,credit_card|Q2,9,2,22
32e48287f7d1ed208755d25cc12077bc,1,credit_card,1,68.44,2018-06-28 23:47:29,SP,Q2,credit_card|Q2,23,3,28
457e9bbfe5b17294f57280fe51c1223a,1,credit_card,1,68.64,2018-04-19 11:16:07,SP,Q2,credit_card|Q2,11,3,19
12701d216c208b08132694d01af602a7,1,credit_card,2,68.87,2018-04-07 23:57:34,SP,Q2,credit_card|Q2,23,5,7
7c20de54af91549df98fd6926d781144,1,credit_card,7,70.64,2018-07-17 17:26:41,MG,Q2,credit_card|Q2,17,1,17
0ffcc7c4e90436e138f698340e3d0e25,1,credit_card,7,70.91,2017-11-25 10:02:21,SP,Q2,credit_card|Q2,10,5,25
187014511c3530fd1ee56733d975f14a,1,credit_card,2,70.97,2018-07-02 18:05:02,SP,Q2,credit_card|Q2,18,0,2
00b676b01c289cc661c6f7732492771a,1,credit_card,1,71.19,2017-08-02 15:30:42,SP,Q2,credit_card|Q2,15,2,2
a3925c1c7a9d4544b8b2a2d34988be43,1,credit_card,2,72.45,2017-08-01 14:32:24,SP,Q2,credit_card|Q2,14,1,1
bb780bb5301c5109cb6eb07d06f3bd14,1,credit_card,5,72.79,2017-12-22 15:53:30,CE,Q2,credit_card|Q2,15,4,22
293195bcdbd978c21b548c48185374a7,1,credit_card,3,73.34,2017-09-19 16:02:05,SP,Q2,credit_card|Q2,16,1,19
e995d128a5a5bd59d704a736c4a75fd5,1,credit_card,7,73.68,2018-03-10 20:39:19,SP,Q2,credit_card|Q2,20,5,10
f5248851770f05fc31f3915accb0bcff,1,credit_card,1,73.77,2018-03-07 22:03:04,SP,Q2,credit_card|Q2,22,2,7
bfee0e661250e978b89fa43a909f038f,1,credit_card,1,75.25,2018-03-17 10:55:42,DF,Q2,credit_card|Q2,10,5,17
f2b65e04ebfd135c2194e2c36a9d821e,1,credit_card,3,76.78,2017-12-01 09:35:20,SP,Q2,credit_card|Q2,9,4,1
cf020d5028c46dbd39ec2f9345777cfd,1,credit_card,1,77.53,2018-07-25 09:17:15,PE,Q2,credit_card|Q2,9,2,25
3a94d54e3301d9e4da748ee3766e0585,1,credit_card,7,77.59,2018-08-24 00:35:51,SP,Q2,credit_card|Q2,0,4,24
06c17d1278ee3d265f881df4a58f11d3,1,credit_card,2,80.85,2018-08-14 13:01:18,RS,Q2,credit_card|Q2,13,1,14
75b1511f0476d39acfcfdba6d11b0db5,1,credit_card,1,81.52,2017-12-17 15:28:02,SP,Q2,credit_card|Q2,15,6,17
cd81fccdeffb11e33de701e2c53c85c6,1,credit_card,1,83.61,2018-04-26 22:47:26,CE,Q2,credit_card|Q2,22,3,26
d037016bf21257acf9413f8a2ee0fd09,1,credit_card,8,83.87,2018-08-16 12:18:45,SP,Q2,credit_card|Q2,12,3,16
80c2d7b033497bf5aea90a2eb4b0966c,1,credit_card,1,83.96,2017-09-12 15:51:11,MG,Q2,credit_card|Q2,15,1,12
91ecb8522096ff10be2144645c994c6f,1,credit_card,4,86.15,2018-02-24 16:42:01,RS,Q2,credit_card|Q2,16,5,24
62076e9aa47cedb799ddc84812264c9e,1,credit_card,8,87.44,2018-06-09 19:28:03,RJ,Q2,credit_card|Q2,19,5,9
3b4a1c677a8c6c11d2564b52b6eb636b,1,credit_card,3,87.64,2017-10-03 16:44:16,SP,Q2,credit_card|Q2,16,1,3
a1ba9164e568e28f6977c343fb78e9b1,1,credit_card,2,87.76,2018-03-11 22:14:38,SP,Q2,credit_card|Q2,22,6,11
2d5f1dc93c565d00ce25e43b11b48596,1,credit_card,1,87.8,2017-05-18 11:36:28,SP,Q2,credit_card|Q2,11,3,18
a25f8c8c17243276e72fca0857e94789,1,credit_card,1,88.2,2017-12-06 15:28:30,RJ,Q2,credit_card|Q2,15,2,6
8914de0f43ff7668bb9b82fd774629ef,1,credit_card,8,88.56,2017-10-10 15:57:19,SP,Q2,credit_card|Q2,15,1,10
934e266bc66e8ed5bba8266dfde60175,1,credit_card,2,89.61,2018-05-15 13:53:48,SP,Q2,credit_card|Q2,13,1,15
12788f3056c6392e73afcd37df5482ad,1,credit_card,8,89.62,2017-07-13 12:07:21,PR,Q2,credit_card|Q2,12,3,13
c43065765ea0096d728066fe48cc6249,1,credit_card,3,90.17,2017-08-06 17:49:08,PR,Q2,credit_card|Q2,17,6,6
0d931f4590e355bc7aedc79ca822cd82,1,credit_card,2,91.12,2018-01-23 10:59:07,SP,Q2,credit_card|Q2,10,1,23
1f06e0b20a4b5a839950bf1f9f779957,1,credit_card,2,92.28,2018-08-04 21:52:27,MG,Q2,credit_card|Q2,21,5,4
56f1dce758e68c71032960e398462d6f,1,credit_card,1,94.3,2018-01-28 21:14:26,SC,Q2,credit_card|Q2,21,6,28
c1cf3cb3cf9e48ca06d7eb08d8b9dc0a,1,credit_card,1,94.74,2018-08-17 13:34:57,SC,Q2,credit_card|Q2,13,4,17
7727763e2c9d261c190beb42d50848b9,1,credit_card,9,95.64,2018-03-13 13:28:42,MG,Q2,credit_card|Q2,13,1,13
b9978fd04acfedd507165e3f7ec97b05,1,credit_card,3,97.71,2017-11-24 18:19:17,SP,Q2,credit_card|Q2,18,4,24
3b35dfd8bf0ca772d83708ba283e1143,1,credit_card,8,101.14,2017-03-04 22:40:12,SP,Q3,credit_card|Q3,22,5,4
8c66073666890d74637182747a6f4a69,1,credit_card,1,101.39,2018-08-20 16:20:58,SP,Q3,credit_card|Q3,16,0,20
bfc653d1beeb620b62d4cee364228609,1,credit_card,10,101.45,2017-10-28 14:54:14,RS,Q3,credit_card|Q3,14,5,28
7a80e1aeb92fb6ae503ebc33c85e23dc,1,credit_card,5,102.54,2018-01-12 19:39:50,SP,Q3,credit_card|Q3,19,4,12
0541ce103afcdd3940e866e3cbf7a77c,1,credit_card,2,103.12,2018-06-24 17:56:42,PR,Q3,credit_card|Q3,17,6,24
3bc383f96dded5aa5e75309ecab074c5,1,credit_card,3,106.07,2017-11-30 14:14:17,MG,Q3,credit_card|Q3,14,3,30
ee0b98b10df9fb4544239f8053418118,1,credit_card,10,107.78,2017-11-24 14:17:12,SC,Q3,credit_card|Q3,14,4,24
b6572524ff6f0892276c1cc31367daa9,1,credit_card,3,107.98,2017-08-23 16:56:54,CE,Q3,credit_card|Q3,16,2,23
9e6e335c851fd08c6e1b22a0d70bb540,1,credit_card,1,108.1,2017-12-19 15:55:46,MG,Q3,credit_card|Q3,15,1,19
8d16656866ce7d67f81d49a9707ab76e,1,credit_card,2,108.2,2017-12-25 18:36:16,SP,Q3,credit_card|Q3,18,0,25
8facdb9134d16bc7c0e49628ad6c58ac,1,credit_card,2,108.86,2017-12-11 20:47:16,MT,Q3,credit_card|Q3,20,0,11
24e7eb8286ce5ef529b9fcc4fe92ecb1,1,credit_card,2,110.0,2018-02-22 15:13:31,PR,Q3,credit_card|Q3,15,3,22
d4e770b405f1a265106474eaf37ded74,1,credit_card,3,111.48,2017-10-04 18:18:28,SC,Q3,credit_card|Q3,18,2,4
311033a32a090c758aced7844f53d0b3,1,credit_card,3,112.39,2018-01-16 09:55:52,SP,Q3,credit_card|Q3,9,1,16
400067025519f050d696583e2e6df305,1,credit_card,4,112.49,2018-07-22 21:19:11,SP,Q3,credit_card|Q3,21,6,22
9ad858a48fa48c6d0cf0e7d8e3024d2d,1,credit_card,2,112.76,2017-10-30 23:31:49,MG,Q3,credit_card|Q3,23,0,30
27da527c266684c5bfb86fc601060406,1,credit_card,1,113.42,2017-05-16 00:42:03,RS,Q3,credit_card|Q3,0,1,16
ed97636c23f94768f347b01d4ba20e64,1,credit_card,4,113.59,2018-08-15 21:29:08,MG,Q3,credit_card|Q3,21,2,15
38855925f815a5c3f4ce58f6c6f9113d,1,credit_card,1,113.66,2018-07-02 13:41:23,PR,Q3,credit_card|Q3,13,0,2
ddcdf215808306b8919f3cab54d88247,1,credit_card,2,114.45,2018-03-09 09:39:04,MG,Q3,credit_card|Q3,9,4,9
75f7b50b5222f09346ec8672c17121a3,1,credit_card,2,116.24,2017-10-24 22:50:15,MG,Q3,credit_card|Q3,22,1,24
296e1020c48c85d07b3fb22436e3e65b,1,credit_card,5,117.16,2017-10-16 15:05:28,PE,Q3,credit_card|Q3,15,0,16
324213c21d2577b17bca52fb418cce03,1,credit_card,2,117.37,2018-08-08 18:25:48,RS,Q3,credit_card|Q3,18,2,8
66e5fb8842964acac96f3e4afd13b27d,1,credit_card,1,117.94,2018-02-11 11:25:58,SP,Q3,credit_card|Q3,11,6,11
5bf1e013121cccb5a168c91859a243e7,1,credit_card,1,118.28,2018-05-31 20:16:37,SP,Q3,credit_card|Q3,20,3,31
2d7c53f72873bc693d040a48c3f2b5e1,1,credit_card,5,121.4,2017-10-13 14:57:28,SE,Q3,credit_card|Q3,14,4,13
59754064fe4ffec6c0149904a6573d81,1,credit_card,3,126.71,2017-07-25 23:20:06,BA,Q3,credit_card|Q3,23,1,25
a7b8a8948215052693fd30a5c9ab6736,1,credit_card,7,128.25,2018-03-17 11:33:32,SP,Q3,credit_card|Q3,11,5,17
9ac8e7603c11157bde10d9121494b593,1,credit_card,1,128.87,2018-07-22 04:56:23,RJ,Q3,credit_card|Q3,4,6,22
69765e1430e055dd83b07cab8f4afe03,1,credit_card,6,129.32,2017-09-24 12:41:40,SP,Q3,credit_card|Q3,12,6,24
385c8818107c6b6121324f1498d0c64e,1,credit_card,4,132.38,2018-04-26 15:48:11,SC,Q3,credit_card|Q3,15,3,26
79c96fac5fd38406b272b04b54d54083,1,credit_card,1,133.17,2018-07-14 07:30:54,PR,Q3,credit_card|Q3,7,5,14
d883754340c635b6b1946e3db8b33ceb,1,credit_card,2,134.1,2018-04-02 23:34:42,BA,Q3,credit_card|Q3,23,0,2
5ef95d0a45b4caaaa70e601665ba1a6a,1,credit_card,1,135.25,2017-04-17 21:38:31,CE,Q3,credit_card|Q3,21,0,17
5a4cc097e0e591ab3f150524b83d81af,1,credit_card,1,135.85,2017-01-20 03:35:44,SP,Q3,credit_card|Q3,3,4,20
6d9cc2a706027666e20ffb8e008de464,1,credit_card,2,135.94,2018-06-11 16:25:31,RS,Q3,credit_card|Q3,16,0,11
4dfe63cb6237de0624ec0183a74b57e6,1,credit_card,5,136.71,2018-05-21 14:27:32,SP,Q3,credit_card|Q3,14,0,21
c1e3705ddd242ae29dca5c5d3367cdda,1,credit_card,3,138.0,2017-11-26 21:47:48,SC,Q3,credit_card|Q3,21,6,26
cb54c9069dc123fa6cfca4b4cf94eb9c,1,credit_card,3,138.22,2017-05-29 17:01:47,PR,Q3,credit_card|Q3,17,0,29
ed01ce003df13cab401ba2ff57ea2542,1,credit_card,8,138.48,2017-11-06 18:20:00,SP,Q3,credit_card|Q3,18,0,6
4c7e4677d9f5435660f9dcb903e709fd,1,credit_card,6,142.08,2017-10-18 12:26:29,SP,Q3,credit_card|Q3,12,2,18
b132b4c680aad57c36a5686db90d88d5,1,credit_card,5,142.1,2017-08-26 16:00:55,SP,Q3,credit_card|Q3,16,5,26
3b3ab957f687956e4ee543009c1434a4,1,credit_card,2,142.9,2018-03-25 20:05:55,CE,Q3,credit_card|Q3,20,6,25
621d22173590d292319c7a2f72ce76f6,1,credit_card,4,146.12,2018-05-18 12:24:25,SP,Q3,credit_card|Q3,12,4,18
60774e7210a075fb221731434321e048,1,credit_card,2,148.69,2018-04-09 21:19:57,SP,Q3,credit_card|Q3,21,0,9
67ff89e045f61cd73790e9866d3dc6ea,1,credit_card,3,150.6,2018-04-26 13:51:23,SP,Q3,credit_card|Q3,13,3,26
df982d6b3644712f7d5070f053c8009a,1,credit_card,7,153.87,2018-05-04 23:45:36,RJ,Q3,credit_card|Q3,23,4,4
bba3165de0a4f708a3fd065a5365e508,1,credit_card,3,154.89,2017-08-29 20:15:51,SP,Q3,credit_card|Q3,20,1,29
283a7afd444a9a463b7bc938f0344f70,1,credit_card,3,155.63,2017-06-23 01:55:44,SP,Q3,credit_card|Q3,1,4,23
c6d5501e88e1bdffbc13792a7f4dadda,1,credit_card,2,156.3,2018-05-10 15:47:59,PR,Q3,credit_card|Q3,15,3,10
66fcdbc46a553ec1e80fc940b8f1bc15,1,credit_card,5,156.51,2017-11-14 20:08:14,SP,Q3,credit_card|Q3,20,1,14
311f353f6601e1f99c5ff9c14df0e774,1,credit_card,2,159.1,2018-03-20 16:38:01,SP,Q3,credit_card|Q3,16,1,20
c2dd3125d2c742a487adbbd0704b4775,1,credit_card,8,164.54,2017-09-16 14:24:39,SP,Q3,credit_card|Q3,14,5,16
841a1c15177c6184088d268bc0f263f4,1,credit_card,1,166.29,2018-02-25 09:01:17,MG,Q3,credit_card|Q3,9,6,25
72c81a6a9dcf354f87393c361caa13ce,1,credit_card,2,166.35,2018-07-20 15:56:15,SP,Q3,credit_card|Q3,15,4,20
adac885fef6aa7cf2ae87956f4eb74c6,1,credit_card,3,167.49,2018-02-04 17:11:52,BA,Q3,credit_card|Q3,17,6,4
3e9482fafca86df873bf05a9563578c2,1,credit_card,3,170.97,2018-02-23 16:19:13,BA,Q3,credit_card|Q3,16,4,23
2418c8d93a1fbcb830a7e000d82227eb,1,credit_card,4,171.61,2017-06-02 11:02:12,SP,Q3,credit_card|Q3,11,4,2
68ba0b1bfcbf8d877ba255499b0853cb,1,credit_card,6,172.43,2018-05-21 10:49:37,SP,Q4,credit_card|Q4,10,0,21
5fbf0b33d959fccab26b945f15707bd3,1,credit_card,1,174.56,2018-06-15 22:21:11,SP,Q4,credit_card|Q4,22,4,15
3d3742a96f24a8fe4e2e57628807e476,1,credit_card,6,175.41,2017-04-16 06:31:07,RJ,Q4,credit_card|Q4,6,6,16
89deea851a216c7ca2da994e5799c9b0,1,credit_card,7,176.74,2017-06-23 16:23:49,SP,Q4,credit_card|Q4,16,4,23
375c717fbe948f24044e81178cc38b0e,1,credit_card,10,177.54,2017-04-04 16:59:43,GO,Q4,credit_card|Q4,16,1,4
1ec2e1de3e116559a59ec5166697d334,1,credit_card,3,177.77,2017-03-07 14:13:42,SP,Q4,credit_card|Q4,14,1,7
883915e4c377d6f9192fad3ae5d4374c,1,credit_card,3,180.86,2018-08-17 10:28:31,SP,Q4,credit_card|Q4,10,4,17
0f2feb76d52c8e1be73daf8769a393e8,1,credit_card,3,184.91,2018-01-18 22:28:13,SP,Q4,credit_card|Q4,22,3,18
a2cb7138f0dbd806834e29cecfa9f454,1,credit_card,5,187.65,2018-01-04 23:20:29,BA,Q4,credit_card|Q4,23,3,4
755290851cd81ecf1413e13653ada744,1,credit_card,1,188.77,2018-05-01 17:12:58,MG,Q4,credit_card|Q4,17,1,1
282798d3d9e90c0c2c02697bdb07b839,1,credit_card,4,190.33,2017-05-25 18:50:08,MG,Q4,credit_card|Q4,18,3,25
a7507007d328f9469ed7384cbfc8f7a9,1,credit_card,7,191.58,2017-12-06 13:18:40,RJ,Q4,credit_card|Q4,13,2,6
f9f6e986125412f95569a18406c749f0,1,credit_card,10,196.26,2018-06-15 00:25:25,RJ,Q4,credit_card|Q4,0,4,15
46598fe507ad05a579c6109096a93e33,1,credit_card,10,196.72,2018-05-17 22:19:57,RJ,Q4,credit_card|Q4,22,3,17
5874c5a855871e35bc123b521d3d041a,1,credit_card,1,200.0,2018-06-08 20:27:44,MG,Q4,credit_card|Q4,20,4,8
59f20ac0aae46d0940018c589d3571f4,1,credit_card,4,203.42,2017-11-20 10:59:38,PE,Q4,credit_card|Q4,10,0,20
833e4c18609b9ca1d6c79b3b108fc19a,1,credit_card,1,206.74,2017-11-05 00:57:55,RJ,Q4,credit_card|Q4,0,6,5
4396b37f55a457b870dcd9137cf07e84,1,credit_card,2,209.14,2018-03-17 11:05:38,PR,Q4,credit_card|Q4,11,5,17
7dd1b130c9150c4343cfead610733da0,1,credit_card,8,218.04,2017-03-09 08:47:24,MG,Q4,credit_card|Q4,8,3,9
db811126381db2d82359d6872e2dacf4,1,credit_card,2,220.02,2017-10-16 18:42:21,SP,Q4,credit_card|Q4,18,0,16
cfe5649887c20d8a27d7a9a2302a9d9b,1,credit_card,4,221.86,2017-12-04 15:12:16,PE,Q4,credit_card|Q4,15,0,4
7250e10eca3d7f71a091ac5752d3228f,1,credit_card,1,221.96,2017-03-12 08:14:00,SE,Q4,credit_card|Q4,8,6,12
815870a80fd96370919e0d7d0d117412,1,credit_card,6,225.25,2018-08-12 12:22:40,RS,Q4,credit_card|Q4,12,6,12
b2ce866408709e3ba155f339e97b8405,1,credit_card,8,227.38,2018-05-04 00:12:31,RS,Q4,credit_card|Q4,0,4,4
d0e8691378e622e52c60c3302d78db21,1,credit_card,10,241.32,2017-05-11 16:50:48,MG,Q4,credit_card|Q4,16,3,11
b719566c82ba52d70bc1312f2cd80fdc,1,credit_card,1,245.89,2017-06-05 19:51:07,RJ,Q4,credit_card|Q4,19,0,5
4b4c7655aadab4cf1eb81eddf40afcaf,1,credit_card,2,249.08,2018-05-28 17:31:06,SP,Q4,credit_card|Q4,17,0,28
ef88a4803cc4e345dc4aa9634783bba6,1,credit_card,3,252.42,2017-08-24 16:00:28,BA,Q4,credit_card|Q4,16,3,24
7d10fbd6419baac0e13a8e73d3c69e38,1,credit_card,1,253.38,2018-05-08 17:11:22,MG,Q4,credit_card|Q4,17,1,8
d4483d3fe5bb19cb4dcfe5d9a0bd4604,1,credit_card,1,254.45,2018-07-28 13:12:23,SP,Q4,credit_card|Q4,13,5,28
38971812f1db9e4a30885e5574dcbe53,1,credit_card,3,259.98,2018-06-24 13:38:07,MG,Q4,credit_card|Q4,13,6,24
97e63289be97b0d9bfd3fad99000f662,1,credit_card,5,260.0,2017-02-05 23:49:25,DF,Q4,credit_card|Q4,23,6,5
e69ba661394e76586286fdc88fdfa5f4,1,credit_card,5,261.14,2018-04-25 23:17:10,RJ,Q4,credit_card|Q4,23,2,25
6ada1dc97a94d735582a110165f0a0c6,1,credit_card,2,268.19,2017-11-27 11:22:24,BA,Q4,credit_card|Q4,11,0,27
55c3e087340bf45947dd9df30b3808d3,1,credit_card,5,268.9,2018-08-20 23:20:11,RJ,Q4,credit_card|Q4,23,0,20
07f83d154c11676890dc6275328ba6c1,1,credit_card,6,269.93,2018-06-17 20:51:05,GO,Q4,credit_card|Q4,20,6,17
7e9c655f89ac314e5a2d5fe87c63df1d,1,credit_card,4,270.93,2018-07-16 23:18:33,SP,Q4,credit_card|Q4,23,0,16
05f4c59e4404655a57c7bb10ff944d3d,1,credit_card,3,279.24,2017-12-06 15:36:24,SP,Q4,credit_card|Q4,15,2,6
adf684f287283640cb375a2e8ada8c82,1,credit_card,4,294.42,2017-01-31 23:18:22,AL,Q4,credit_card|Q4,23,1,31
f2b250d8c9c73b5b3e16e64e8448c3d2,1,credit_card,8,299.74,2018-05-09 09:35:01,SP,Q4,credit_card|Q4,9,2,9
01e9feecd7fba975c1869a8fbbb38b65,1,credit_card,2,303.11,2017-03-28 20:44:07,SP,Q4,credit_card|Q4,20,1,28
6b57b46391a662adacf6841b5da8d084,1,credit_card,1,313.99,2018-05-29 23:14:39,SP,Q4,credit_card|Q4,23,1,29
ef09e0c5ee546ca303e96e3fe4c0c435,1,credit_card,8,320.89,2018-03-08 21:28:02,PR,Q4,credit_card|Q4,21,3,8
440e9f47085a2b746335a1dc25b8bba8,1,credit_card,3,332.7,2017-11-24 11:38:13,GO,Q4,credit_card|Q4,11,4,24
4d653190f205f16928ee12a80b571a8b,1,credit_card,8,352.55,2018-01-24 10:30:43,CE,Q4,credit_card|Q4,10,2,24
f5979d5f4e85e073bf3cdd17e94c79d0,1,credit_card,5,354.62,2017-11-18 16:05:19,RS,Q4,credit_card|Q4,16,5,18
3faf126d8a3b0684272791cd3c6cf3fe,1,credit_card,8,368.11,2018-02-25 14:13:44,SP,Q4,credit_card|Q4,14,6,25
2c61d0e37fba7aea7d8b7f27091be232,1,credit_card,2,377.09,2017-08-08 14:53:46,RJ,Q4,credit_card|Q4,14,1,8
25b0aadbfdbdc6fcc91820762f6aaf35,1,credit_card,10,387.77,2018-08-15 22:57:05,SC,Q4,credit_card|Q4,22,2,15
20c60f23d0f1231ad895fde039554666,1,credit_card,10,422.2,2017-07-15 18:44:39,RJ,Q4,credit_card|Q4,18,5,15
7b2e4fd6ffbeee707a1def1418eb57c6,1,credit_card,3,428.02,2017-11-15 19:54:47,SP,Q4,credit_card|Q4,19,2,15
727be733cb840c05e9fc14028a1892e2,1,credit_card,4,477.77,2018-07-01 18:42:22,PE,Q4,credit_card|Q4,18,6,1
658bea3a595af733d395a91ed9714160,1,credit_card,2,501.44,2017-11-23 17:28:29,DF,Q4,credit_card|Q4,17,3,23
765077a5aa4353d785afcdccc40cbfd9,1,credit_card,7,514.41,2018-05-04 14:46:10,SP,Q4,credit_card|Q4,14,4,4
10ccb4dc0cc0d605b71afdcf4584128e,1,credit_card,10,523.98,2018-01-19 14:06:44,SP,Q4,credit_card|Q4,14,4,19
15341b05d64b1a27163a196767a80afe,1,credit_card,10,606.08,2018-03-24 11:41:24,GO,Q4,credit_card|Q4,11,5,24
4ffd41fadb59bd398d869be78f1b2be3,1,credit_card,1,789.55,2018-03-26 09:37:59,SP,Q4,credit_card|Q4,9,0,26
bd751ddcab3b8972d79a87e9cb5df8f4,1,credit_card,10,836.02,2017-04-06 11:53:43,MT,Q4,credit_card|Q4,11,3,6
309a6726656b1ace9925bb760fc46b81,1,credit_card,10,913.7,2017-09-03 22:14:32,MS,Q4,credit_card|Q4,22,6,3
3f64a17e87d0fed4d084e352409882ba,1,credit_card,10,1312.67,2018-08-26 07:38:38,RJ,Q4,credit_card|Q4,7,6,26
bd9d0b4bd72874264d4f1467b4d51323,1,debit_card,1,35.55,2018-02-10 15:02:24,SP,Q1,debit_card|Q1,15,5,10
d70611b8e23ca3e2ad56889d3144c086,1,debit_card,1,71.62,2018-01-19 09:50:58,SP,Q2,debit_card|Q2,9,4,19
e17ed9c20d79f29256a4a514e8d07230,2,debit_card,1,118.43,2018-04-21 19:02:39,SP,Q3,debit_card|Q3,19,5,21
678ec27e8a4c8d92384bd0834f21b308,1,debit_card,1,184.8,2018-08-14 20:59:19,SP,Q4,debit_card|Q4,20,1,14
9327c73b786466a6815c3d5a7785bbe0,4,voucher,1,8.88,2017-05-22 22:46:42,RJ,Q1,voucher|Q1,22,0,22
1be51feefcd481bee3118900e6777057,6,voucher,1,10.05,2017-05-17 21:06:56,SP,Q1,voucher|Q1,21,2,17
895ab968e7bb0d5659d16cd74cd1650c,14,voucher,1,16.7,2017-08-08 20:26:31,SP,Q1,voucher|Q1,20,1,8
0c3e2dc4a3eeb282bd4df0b620dcff6d,2,voucher,1,16.78,2018-01-15 10:04:39,SP,Q1,voucher|Q1,10,0,15
d2e18fcf7ecfd667af457a9e7034c86a,10,voucher,1,20.45,2017-02-24 13:09:32,BA,Q1,voucher|Q1,13,4,24
c6492b842ac190db807c15aff21a7dd6,4,voucher,1,23.15,2017-03-09 23:39:26,SP,Q1,voucher|Q1,23,3,9
487c1451b8fd7347d0e80e5aca887e91,2,voucher,1,30.0,2017-03-21 08:50:00,PR,Q1,voucher|Q1,8,1,21
d3320c7579b87d355511ba06b4d18aa4,1,voucher,1,30.89,2018-03-19 12:19:26,MS,Q1,voucher|Q1,12,0,19
d395475d71e6042e654407cef55e3c47,1,voucher,1,34.27,2018-01-23 15:52:37,MG,Q1,voucher|Q1,15,1,23
a7b5e82b294d8eac1109824b0194abb9,3,voucher,1,36.81,2017-06-25 11:42:38,SP,Q1,voucher|Q1,11,6,25
c72ab77b36e73ef2e5f95a0c2f9fa739,1,voucher,1,48.21,2018-07-30 14:56:43,MG,Q1,voucher|Q1,14,0,30
11fa0235decc84fa20b516ab7eec74ec,2,voucher,1,76.36,2018-01-14 00:09:22,SP,Q2,voucher|Q2,0,6,14
f26be57b128ad749636740a15bf6752c,1,voucher,1,98.48,2017-09-08 10:06:40,RJ,Q2,voucher|Q2,10,4,8
b60e330e00299aeeafa976b885447190,2,voucher,1,100.0,2017-02-04 10:11:24,SP,Q2,voucher|Q2,10,5,4
6f14ef9e1c67a1ca8e572a477c1b58b1,2,voucher,1,150.08,2017-07-18 14:32:15,SC,Q3,voucher|Q3,14,1,18
ad7d7321653c0e39e1563ff97f273341,1,voucher,1,167.29,2017-07-16 11:58:10,PR,Q3,voucher|Q3,11,6,16
858d458b39082890e96fbb1fed8c2a52,3,voucher,1,252.97,2017-09-06 16:10:51,SP,Q4,voucher|Q4,16,2,6
